"radians","center","pos_1","pos_2","type","degrees","map_file","PE","object","isFiller","outdoors_response","stimulus","old_new","conf_resp.keys","conf_resp.rt","response","key_resp_2.keys","participant"
"","","","","","","","","","","","","",NA,NA,NA,"",140
"","","","","","","","","","","","","",NA,NA,NA,"",140
"","","","","","","","","","","","","",NA,NA,NA,"",140
"","","","","","","","","","","","","",NA,NA,NA,"",140
"3.54342110177404","323.798319327731","323.798319327731","344.915966386555","singletons","203.126050420168","maps/google_map_1.png","None","objects/1/1_3.jpg","0.0","outdoors","Pig.jpg","old",1,2.37248419999378,303,"['return']",140
"3.54342110177404","323.798319327731","323.798319327731","344.915966386555","singletons","203.126050420168","maps/google_map_1.png","None","objects/1/1_3.jpg","0.0","outdoors","Pig.jpg","old",NA,NA,NA,"",140
"5.68637732187317","233.798319327731","323.798319327731","143.798319327731","medium","325.970674502284","maps/google_map_1.png","92.1723551745526","objects/1/1_51.jpg","0.0","indoors","DusterFeather.jpg","old",1,3.07848109997576,297,"['return']",140
"5.68637732187317","233.798319327731","323.798319327731","143.798319327731","medium","325.970674502284","maps/google_map_1.png","92.1723551745526","objects/1/1_51.jpg","0.0","indoors","DusterFeather.jpg","old",NA,NA,NA,"",140
"2.33301120448179","323.798319327731","323.798319327731","166.924369747899","singletons","133.739495798319","maps/google_map_1.png","None","objects/1/1_13.jpg","0.0","outdoors","Bird_Duck.jpg","old",3,26.8460772999679,26,"['return']",140
"2.33301120448179","323.798319327731","323.798319327731","166.924369747899","singletons","133.739495798319","maps/google_map_1.png","None","objects/1/1_13.jpg","0.0","outdoors","Bird_Duck.jpg","old",NA,NA,NA,"",140
"1.2278543417367","323.798319327731","233.798319327731","1.0","singletons","70.3865546218487","maps/google_map_1.png","None","objects/1/1_32.jpg","0.0","indoors","Skirt_Long.jpg","old",6,4.71528750000289,330,"['return']",140
"1.2278543417367","323.798319327731","233.798319327731","1.0","singletons","70.3865546218487","maps/google_map_1.png","None","objects/1/1_32.jpg","0.0","indoors","Skirt_Long.jpg","old",NA,NA,NA,"",140
"3.57604803459356","233.798319327731","323.798319327731","143.798319327731","low","204.996384148676","maps/google_map_1.png","28.8019351790556","objects/1/1_39.jpg","0.0","indoors","Clip_Binder.jpg","old",6,2.23551199998474,255,"['return']",140
"3.57604803459356","233.798319327731","323.798319327731","143.798319327731","low","204.996384148676","maps/google_map_1.png","28.8019351790556","objects/1/1_39.jpg","0.0","indoors","Clip_Binder.jpg","old",NA,NA,NA,"",140
"None","None","None","None","None","None","maps/google_map_1.png","None","objects/2/2_11.jpg","None","indoors","SpongeScrubbing.jpg","new",1,3.87336860003415,NA,"",140
"None","None","None","None","None","None","maps/google_map_1.png","None","objects/2/2_4.jpg","None","outdoors","Hoverboard.jpg","new",1,6.20332149998285,NA,"",140
"None","None","None","None","None","None","maps/google_map_1.png","None","objects/2/2_65.jpg","None","indoors","PaperTowel_Kitchen.jpg","new",1,1.21607900003437,NA,"",140
"2.5954060649712","323.798319327731","53.7983193277311","233.798319327731","high","148.781239393253","maps/google_map_1.png","175.017079934478","objects/1/1_108.jpg","0.0","indoors","Lipstick.jpg","old",6,2.79228460002923,141,"['return']",140
"2.5954060649712","323.798319327731","53.7983193277311","233.798319327731","high","148.781239393253","maps/google_map_1.png","175.017079934478","objects/1/1_108.jpg","0.0","indoors","Lipstick.jpg","old",NA,NA,NA,"",140
"4.28333074735888","233.798319327731","323.798319327731","143.798319327731","low","245.541253033312","maps/google_map_1.png","11.7429337055807","objects/1/1_125.jpg","0.0","outdoors","Door_Green.jpg","old",1,2.23707410000497,248,"['return']",140
"4.28333074735888","233.798319327731","323.798319327731","143.798319327731","low","245.541253033312","maps/google_map_1.png","11.7429337055807","objects/1/1_125.jpg","0.0","outdoors","Door_Green.jpg","old",NA,NA,NA,"",140
"5.33272268907563","233.798319327731","53.7983193277311","230.27731092437","singletons","305.697478991597","maps/google_map_1.png","None","objects/1/1_124.jpg","0.0","indoors","GranolaBar.jpg","old",6,2.57891260000179,31,"['return']",140
"5.33272268907563","233.798319327731","53.7983193277311","230.27731092437","singletons","305.697478991597","maps/google_map_1.png","None","objects/1/1_124.jpg","0.0","indoors","GranolaBar.jpg","old",NA,NA,NA,"",140
"None","None","None","None","None","None","maps/google_map_1.png","None","objects/2/2_123.jpg","None","outdoors","Bird_Eagle.jpg","new",1,1.8758520000265,NA,"",140
"None","None","None","None","None","None","maps/google_map_1.png","None","objects/2/2_107.jpg","None","indoors","Card_TwoSpade.jpg","new",1,1.36215360002825,NA,"",140
"0.9807267261742","233.798319327731","323.798319327731","143.798319327731","high","56.2200034112599","maps/google_map_1.png","177.578315916471","objects/1/1_49.jpg","0.0","outdoors","Bird_Hen.jpg","old",6,1.94103950000135,65,"['return']",140
"0.9807267261742","233.798319327731","323.798319327731","143.798319327731","high","56.2200034112599","maps/google_map_1.png","177.578315916471","objects/1/1_49.jpg","0.0","outdoors","Bird_Hen.jpg","old",NA,NA,NA,"",140
"None","None","None","None","None","None","maps/google_map_1.png","None","objects/2/2_5.jpg","None","outdoors","Ball_Football.jpg","new",1,1.30895219999366,NA,"",140
"None","None","None","None","None","None","maps/google_map_1.png","None","objects/2/2_53.jpg","None","outdoors","TreeStump.jpg","new",1,1.80916949996026,NA,"",140
"None","None","None","None","None","None","maps/google_map_1.png","None","objects/2/2_81.jpg","None","indoors","ComputerKey_Escape.jpg","new",1,1.64233659999445,NA,"",140
"None","None","None","None","None","None","maps/google_map_1.png","None","objects/2/2_28.jpg","None","indoors","KnifeHolder.jpg","new",1,2.74127940001199,NA,"",140
"5.0616635498709","323.798319327731","53.7983193277311","233.798319327731","low","290.159056998969","maps/google_map_1.png","33.6392623287623","objects/1/1_97.jpg","0.0","indoors","AirVent.jpg","old",6,3.41898590000346,201,"['return']",140
"5.0616635498709","323.798319327731","53.7983193277311","233.798319327731","low","290.159056998969","maps/google_map_1.png","33.6392623287623","objects/1/1_97.jpg","0.0","indoors","AirVent.jpg","old",NA,NA,NA,"",140
"None","None","None","None","None","None","maps/google_map_1.png","None","objects/2/2_101.jpg","None","outdoors","Motorcycle.jpg","new",1,1.32141979999142,NA,"",140
"None","None","None","None","None","None","maps/google_map_1.png","None","objects/2/2_78.jpg","None","indoors","Hotdog_WithBun.jpg","new",1,0.784081600024365,NA,"",140
"None","None","None","None","None","None","maps/google_map_1.png","None","objects/2/2_6.jpg","None","outdoors","Bicycle_Kids.jpg","new",1,1.0921710000257,NA,"",140
"4.43807189542484","323.798319327731","143.798319327731","97.5378151260504","singletons","254.411764705882","maps/google_map_1.png","None","objects/1/1_11.jpg","0.0","indoors","Licorice.jpg","old",1,0.848661000025459,242,"['return']",140
"4.43807189542484","323.798319327731","143.798319327731","97.5378151260504","singletons","254.411764705882","maps/google_map_1.png","None","objects/1/1_11.jpg","0.0","indoors","Licorice.jpg","old",NA,NA,NA,"",140
"None","None","None","None","None","None","maps/google_map_1.png","None","objects/2/2_69.jpg","None","outdoors","Toy_Slide.jpg","new",1,0.868505300022662,NA,"",140
"5.24184066323827","233.798319327731","323.798319327731","143.798319327731","medium","300.48768133213","maps/google_map_1.png","66.6893620043992","objects/1/1_132.jpg","0.0","indoors","PanCooking.jpg","old",6,1.86118640005589,31,"['return']",140
"5.24184066323827","233.798319327731","323.798319327731","143.798319327731","medium","300.48768133213","maps/google_map_1.png","66.6893620043992","objects/1/1_132.jpg","0.0","indoors","PanCooking.jpg","old",NA,NA,NA,"",140
"4.13215303387588","233.798319327731","323.798319327731","143.798319327731","low","236.875014680783","maps/google_map_1.png","3.0766953530521","objects/1/1_60.jpg","0.0","indoors","HumanSkeleton.jpg","old",6,2.77481189998798,247,"['return']",140
"4.13215303387588","233.798319327731","323.798319327731","143.798319327731","low","236.875014680783","maps/google_map_1.png","3.0766953530521","objects/1/1_60.jpg","0.0","indoors","HumanSkeleton.jpg","old",NA,NA,NA,"",140
"None","None","None","None","None","None","maps/google_map_1.png","None","objects/2/2_133.jpg","None","indoors","FortuneCookie.jpg","new",1,1.35322510002879,NA,"",140
"5.34571272647694","323.798319327731","53.7983193277311","233.798319327731","low","306.442130817149","maps/google_map_1.png","17.3561885105817","objects/1/1_139.jpg","0.0","outdoors","Boot_Rain.jpg","old",6,1.76636509998934,129,"['return']",140
"5.34571272647694","323.798319327731","53.7983193277311","233.798319327731","low","306.442130817149","maps/google_map_1.png","17.3561885105817","objects/1/1_139.jpg","0.0","outdoors","Boot_Rain.jpg","old",NA,NA,NA,"",140
"None","None","None","None","None","None","maps/google_map_1.png","None","objects/2/2_24.jpg","None","outdoors","Rake_Long.jpg","new",1,2.67732149997028,NA,"",140
"5.009923399806","323.798319327731","53.7983193277311","233.798319327731","low","287.193061135376","maps/google_map_1.png","36.605258192355","objects/1/1_103.jpg","0.0","outdoors","Stone_Spa.jpg","old",6,1.62216780002927,335,"['return']",140
"5.009923399806","323.798319327731","53.7983193277311","233.798319327731","low","287.193061135376","maps/google_map_1.png","36.605258192355","objects/1/1_103.jpg","0.0","outdoors","Stone_Spa.jpg","old",NA,NA,NA,"",140
"None","None","None","None","None","None","maps/google_map_1.png","None","objects/2/2_47.jpg","None","indoors","Almond.jpg","new",1,0.94241229997715,NA,"",140
"1.0444976223566","233.798319327731","323.798319327731","143.798319327731","high","59.8756598803144","maps/google_map_1.png","173.922659447417","objects/1/1_78.jpg","0.0","outdoors","Boat_Row.jpg","old",6,1.04850560001796,191,"['return']",140
"1.0444976223566","233.798319327731","323.798319327731","143.798319327731","high","59.8756598803144","maps/google_map_1.png","173.922659447417","objects/1/1_78.jpg","0.0","outdoors","Boat_Row.jpg","old",NA,NA,NA,"",140
"1.24182695311991","233.798319327731","323.798319327731","143.798319327731","high","71.1875323444534","maps/google_map_1.png","162.610786983278","objects/1/1_117.jpg","0.0","outdoors","Kangaroo.jpg","old",6,0.85396070004208,87,"['return']",140
"1.24182695311991","233.798319327731","323.798319327731","143.798319327731","high","71.1875323444534","maps/google_map_1.png","162.610786983278","objects/1/1_117.jpg","0.0","outdoors","Kangaroo.jpg","old",NA,NA,NA,"",140
"None","None","None","None","None","None","maps/google_map_1.png","None","objects/2/2_96.jpg","None","indoors","Sock_Ankle.jpg","new",1,1.04465389996767,NA,"",140
"0.0597075656152649","233.798319327731","323.798319327731","143.798319327731","medium","3.42272669132092","maps/google_map_1.png","129.62440736359","objects/1/1_17.jpg","0.0","outdoors","TigerWhite.jpg","old",6,1.2151651000022,246,"['return']",140
"0.0597075656152649","233.798319327731","323.798319327731","143.798319327731","medium","3.42272669132092","maps/google_map_1.png","129.62440736359","objects/1/1_17.jpg","0.0","outdoors","TigerWhite.jpg","old",NA,NA,NA,"",140
"1.06151672302078","233.798319327731","323.798319327731","143.798319327731","high","60.8512771158408","maps/google_map_1.png","172.94704221189","objects/1/1_45.jpg","0.0","outdoors","Seashell_AlternateTellin.jpg","old",6,1.04033859999618,42,"['return']",140
"1.06151672302078","233.798319327731","323.798319327731","143.798319327731","high","60.8512771158408","maps/google_map_1.png","172.94704221189","objects/1/1_45.jpg","0.0","outdoors","Seashell_AlternateTellin.jpg","old",NA,NA,NA,"",140
"None","None","None","None","None","None","maps/google_map_1.png","None","objects/2/2_102.jpg","None","outdoors","Ship_Cruise.jpg","new",1,0.938404900021851,NA,"",140
"2.82899682537684","323.798319327731","53.7983193277311","233.798319327731","high","162.171792537526","maps/google_map_1.png","161.626526790205","objects/1/1_47.jpg","0.0","outdoors","Inukshuk.jpg","old",1,2.35070499998983,251,"['return']",140
"2.82899682537684","323.798319327731","53.7983193277311","233.798319327731","high","162.171792537526","maps/google_map_1.png","161.626526790205","objects/1/1_47.jpg","0.0","outdoors","Inukshuk.jpg","old",NA,NA,NA,"",140
"None","None","None","None","None","None","maps/google_map_1.png","None","objects/2/2_124.jpg","None","indoors","CigarCase.jpg","new",1,1.7709725999739,NA,"",140
"2.49089075630252","233.798319327731","233.798319327731","139.773109243697","singletons","142.789915966387","maps/google_map_1.png","None","objects/1/1_50.jpg","0.0","outdoors","TowerEiffel.jpg","old",6,0.859432900033426,141,"['return']",140
"2.49089075630252","233.798319327731","233.798319327731","139.773109243697","singletons","142.789915966387","maps/google_map_1.png","None","objects/1/1_50.jpg","0.0","outdoors","TowerEiffel.jpg","old",NA,NA,NA,"",140
"4.38544537815126","323.798319327731","233.798319327731","212.176470588235","singletons","251.394957983193","maps/google_map_1.png","None","objects/1/1_52.jpg","0.0","indoors","Star.jpg","old",6,1.41431409999495,242,"['return']",140
"4.38544537815126","323.798319327731","233.798319327731","212.176470588235","singletons","251.394957983193","maps/google_map_1.png","None","objects/1/1_52.jpg","0.0","indoors","Star.jpg","old",NA,NA,NA,"",140
"None","None","None","None","None","None","maps/google_map_1.png","None","objects/2/2_97.jpg","None","indoors","Cracker_Saltine.jpg","new",1,1.11053870001342,NA,"",140
"1.80576418846178","323.798319327731","53.7983193277311","233.798319327731","high","103.515144561503","maps/google_map_1.png","139.716825233772","objects/1/1_37.jpg","0.0","indoors","SmokeDetector.jpg","old",6,0.893489300040528,337,"['return']",140
"1.80576418846178","323.798319327731","53.7983193277311","233.798319327731","high","103.515144561503","maps/google_map_1.png","139.716825233772","objects/1/1_37.jpg","0.0","indoors","SmokeDetector.jpg","old",NA,NA,NA,"",140
"0.465647158555532","233.798319327731","323.798319327731","143.798319327731","high","26.6931492165592","maps/google_map_1.png","152.894829888828","objects/1/1_26.jpg","0.0","indoors","Razor.jpg","old",6,0.963292400003411,231,"['return']",140
"0.465647158555532","233.798319327731","323.798319327731","143.798319327731","high","26.6931492165592","maps/google_map_1.png","152.894829888828","objects/1/1_26.jpg","0.0","indoors","Razor.jpg","old",NA,NA,NA,"",140
"None","None","None","None","None","None","maps/google_map_1.png","None","objects/2/2_132.jpg","None","outdoors","Chimpanzee.jpg","new",1,0.924723500036635,NA,"",140
"None","None","None","None","None","None","maps/google_map_1.png","None","objects/2/2_52.jpg","None","outdoors","Swan.jpg","new",1,1.24172499997076,NA,"",140
"None","None","None","None","None","None","maps/google_map_1.png","None","objects/2/2_9.jpg","None","outdoors","Jetski.jpg","new",1,0.765216299972963,NA,"",140
"None","None","None","None","None","None","maps/google_map_1.png","None","objects/2/2_111.jpg","None","indoors","Can_Olives.jpg","new",1,0.591863400011789,NA,"",140
"5.73605743797259","323.798319327731","53.7983193277311","233.798319327731","low","328.818579246836","maps/google_map_1.png","5.02025991910496","objects/1/1_44.jpg","0.0","indoors","ProcessorFood_Old.jpg","old",1,0.619775700033642,87,"['return']",140
"5.73605743797259","323.798319327731","53.7983193277311","233.798319327731","low","328.818579246836","maps/google_map_1.png","5.02025991910496","objects/1/1_44.jpg","0.0","indoors","ProcessorFood_Old.jpg","old",NA,NA,NA,"",140
"None","None","None","None","None","None","maps/google_map_1.png","None","objects/2/2_64.jpg","None","outdoors","Shark_GreatWhite.jpg","new",1,0.949047400034033,NA,"",140
"None","None","None","None","None","None","maps/google_map_1.png","None","objects/2/2_73.jpg","None","outdoors","WaterWell.jpg","new",1,0.953437499993015,NA,"",140
"5.10374554550772","233.798319327731","323.798319327731","143.798319327731","medium","292.571400697895","maps/google_map_1.png","58.7730813701637","objects/1/1_16.jpg","0.0","indoors","Qtip_Single.jpg","old",6,0.711222100013401,311,"['return']",140
"5.10374554550772","233.798319327731","323.798319327731","143.798319327731","medium","292.571400697895","maps/google_map_1.png","58.7730813701637","objects/1/1_16.jpg","0.0","indoors","Qtip_Single.jpg","old",NA,NA,NA,"",140
"None","None","None","None","None","None","maps/google_map_1.png","None","objects/2/2_20.jpg","None","outdoors","Squid_Pink.jpg","new",1,0.775393199990503,NA,"",140
"None","None","None","None","None","None","maps/google_map_1.png","None","objects/2/2_2.jpg","None","outdoors","Honeydew_Green.jpg","new",1,0.618194799986668,NA,"",140
"None","None","None","None","None","None","maps/google_map_1.png","None","objects/2/2_23.jpg","None","outdoors","TotemPole.jpg","new",1,0.767289700044785,NA,"",140
"None","None","None","None","None","None","maps/google_map_1.png","None","objects/2/2_10.jpg","None","indoors","Plate_Ceramic.jpg","new",1,0.833765299990773,NA,"",140
"None","None","None","None","None","None","maps/google_map_1.png","None","objects/2/2_131.jpg","None","outdoors","Bucket_WoodenDark.jpg","new",1,0.788015300000552,NA,"",140
"None","None","None","None","None","None","maps/google_map_1.png","None","objects/2/2_45.jpg","None","outdoors","BearPolar.jpg","new",1,0.70356150000589,NA,"",140
"3.95591965981425","233.798319327731","323.798319327731","143.798319327731","low","226.772464575339","maps/google_map_1.png","7.02585475239195","objects/1/1_38.jpg","0.0","outdoors","Statue_Man.jpg","old",6,1.45186289999401,165,"['return']",140
"3.95591965981425","233.798319327731","323.798319327731","143.798319327731","low","226.772464575339","maps/google_map_1.png","7.02585475239195","objects/1/1_38.jpg","0.0","outdoors","Statue_Man.jpg","old",NA,NA,NA,"",140
"None","None","None","None","None","None","maps/google_map_1.png","None","objects/2/2_35.jpg","None","indoors","Comb_1.jpg","new",1,1.35279269999592,NA,"",140
"None","None","None","None","None","None","maps/google_map_1.png","None","objects/2/2_50.jpg","None","indoors","BookShelf.jpg","new",1,0.63679720001528,NA,"",140
"1.5351648587853","233.798319327731","323.798319327731","143.798319327731","high","88.0030810768645","maps/google_map_1.png","145.795238250867","objects/1/1_64.jpg","0.0","indoors","Calculator.jpg","old",6,0.821268700005021,308,"['return']",140
"1.5351648587853","233.798319327731","323.798319327731","143.798319327731","high","88.0030810768645","maps/google_map_1.png","145.795238250867","objects/1/1_64.jpg","0.0","indoors","Calculator.jpg","old",NA,NA,NA,"",140
"3.99318097446594","233.798319327731","323.798319327731","143.798319327731","low","228.908463504417","maps/google_map_1.png","4.88985582331412","objects/1/1_2.jpg","0.0","indoors","Teabag.jpg","old",1,1.02022929996019,237,"['return']",140
"3.99318097446594","233.798319327731","323.798319327731","143.798319327731","low","228.908463504417","maps/google_map_1.png","4.88985582331412","objects/1/1_2.jpg","0.0","indoors","Teabag.jpg","old",NA,NA,NA,"",140
"5.60467311656524","323.798319327731","53.7983193277311","233.798319327731","low","321.28699394323","maps/google_map_1.png","2.51132538450074","objects/1/1_27.jpg","0.0","indoors","Toy_WoodenPlainSingle.jpg","old",6,0.913008300005458,351,"['return']",140
"5.60467311656524","323.798319327731","53.7983193277311","233.798319327731","low","321.28699394323","maps/google_map_1.png","2.51132538450074","objects/1/1_27.jpg","0.0","indoors","Toy_WoodenPlainSingle.jpg","old",NA,NA,NA,"",140
"5.28009617180205","233.798319327731","233.798319327731","311.731092436975","singletons","302.680672268908","maps/google_map_1.png","None","objects/1/1_122.jpg","0.0","outdoors","LeafBlower.jpg","old",6,2.10630370001309,99,"['return']",140
"5.28009617180205","233.798319327731","233.798319327731","311.731092436975","singletons","302.680672268908","maps/google_map_1.png","None","objects/1/1_122.jpg","0.0","outdoors","LeafBlower.jpg","old",NA,NA,NA,"",140
"2.59614379084967","233.798319327731","233.798319327731","154.857142857143","singletons","148.823529411765","maps/google_map_1.png","None","objects/1/1_102.jpg","0.0","outdoors","Stingray.jpg","old",6,3.47501019999618,239,"['return']",140
"2.59614379084967","233.798319327731","233.798319327731","154.857142857143","singletons","148.823529411765","maps/google_map_1.png","None","objects/1/1_102.jpg","0.0","outdoors","Stingray.jpg","old",NA,NA,NA,"",140
"1.05580119447581","323.798319327731","53.7983193277311","233.798319327731","medium","60.5236353521165","maps/google_map_1.png","96.7253160243854","objects/1/1_85.jpg","0.0","outdoors","Panda.jpg","old",6,0.852414800028782,101,"['return']",140
"1.05580119447581","323.798319327731","53.7983193277311","233.798319327731","medium","60.5236353521165","maps/google_map_1.png","96.7253160243854","objects/1/1_85.jpg","0.0","outdoors","Panda.jpg","old",NA,NA,NA,"",140
"5.64848179271709","233.798319327731","143.798319327731","233.294117647059","singletons","323.798319327731","maps/google_map_1.png","None","objects/1/1_86.jpg","0.0","outdoors","Light_Traffic.jpg","old",6,0.916019399999641,307,"['return']",140
"5.64848179271709","233.798319327731","143.798319327731","233.294117647059","singletons","323.798319327731","maps/google_map_1.png","None","objects/1/1_86.jpg","0.0","outdoors","Light_Traffic.jpg","old",NA,NA,NA,"",140
"None","None","None","None","None","None","maps/google_map_1.png","None","objects/2/2_99.jpg","None","outdoors","Giraffe.jpg","new",1,1.02228299999842,NA,"",140
"None","None","None","None","None","None","maps/google_map_1.png","None","objects/2/2_129.jpg","None","outdoors","Weathervane.jpg","new",1,0.558743999979924,NA,"",140
"5.13805712046133","233.798319327731","323.798319327731","143.798319327731","medium","294.538306268484","maps/google_map_1.png","60.7399869407527","objects/1/1_46.jpg","0.0","outdoors","Hat_Cowboy.jpg","old",6,0.774047799990512,244,"['return']",140
"5.13805712046133","233.798319327731","323.798319327731","143.798319327731","medium","294.538306268484","maps/google_map_1.png","60.7399869407527","objects/1/1_46.jpg","0.0","outdoors","Hat_Cowboy.jpg","old",NA,NA,NA,"",140
"None","None","None","None","None","None","maps/google_map_1.png","None","objects/2/2_8.jpg","None","outdoors","Ball_Tennis.jpg","new",1,0.784839499974623,NA,"",140
"None","None","None","None","None","None","maps/google_map_1.png","None","objects/2/2_63.jpg","None","indoors","LetterMail.jpg","new",1,1.21158709999872,NA,"",140
"3.74310040245215","233.798319327731","323.798319327731","143.798319327731","low","214.572634535474","maps/google_map_1.png","19.2256847922574","objects/1/1_76.jpg","0.0","outdoors","Dragonfly.jpg","old",1,0.609793999989051,17,"['return']",140
"3.74310040245215","233.798319327731","323.798319327731","143.798319327731","low","214.572634535474","maps/google_map_1.png","19.2256847922574","objects/1/1_76.jpg","0.0","outdoors","Dragonfly.jpg","old",NA,NA,NA,"",140
"None","None","None","None","None","None","maps/google_map_1.png","None","objects/2/2_37.jpg","None","indoors","Spoon_WoodenLight.jpg","new",1,1.22873080003774,NA,"",140
"None","None","None","None","None","None","maps/google_map_1.png","None","objects/2/2_54.jpg","None","outdoors","BasketballHoop.jpg","new",1,0.728017499961425,NA,"",140
"None","None","None","None","None","None","maps/google_map_1.png","None","objects/2/2_12.jpg","None","outdoors","Butterfly.jpg","new",1,0.651224299974274,NA,"",140
"5.03335130623806","233.798319327731","323.798319327731","143.798319327731","medium","288.536062141035","maps/google_map_1.png","54.737742813304","objects/1/1_65.jpg","0.0","indoors","Mattress.jpg","old",6,0.763943100057077,356,"['return']",140
"5.03335130623806","233.798319327731","323.798319327731","143.798319327731","medium","288.536062141035","maps/google_map_1.png","54.737742813304","objects/1/1_65.jpg","0.0","indoors","Mattress.jpg","old",NA,NA,NA,"",140
"5.32044189625994","323.798319327731","53.7983193277311","233.798319327731","low","304.993484498978","maps/google_map_1.png","18.8048348287534","objects/1/1_130.jpg","0.0","indoors","ToothBrush.jpg","old",6,0.838296800036915,224,"['return']",140
"5.32044189625994","323.798319327731","53.7983193277311","233.798319327731","low","304.993484498978","maps/google_map_1.png","18.8048348287534","objects/1/1_130.jpg","0.0","indoors","ToothBrush.jpg","old",NA,NA,NA,"",140
"None","None","None","None","None","None","maps/google_map_1.png","None","objects/2/2_122.jpg","None","outdoors","CraneMachine.jpg","new",1,0.788611900003161,NA,"",140
"None","None","None","None","None","None","maps/google_map_1.png","None","objects/2/2_91.jpg","None","indoors","TortillaChip.jpg","new",1,0.753951999999117,NA,"",140
"0.645868621019492","323.798319327731","53.7983193277311","233.798319327731","medium","37.0243158546206","maps/google_map_1.png","73.2259965268895","objects/1/1_40.jpg","0.0","outdoors","LicensePlate.jpg","old",6,0.830767699982971,157,"['return']",140
"0.645868621019492","323.798319327731","53.7983193277311","233.798319327731","medium","37.0243158546206","maps/google_map_1.png","73.2259965268895","objects/1/1_40.jpg","0.0","outdoors","LicensePlate.jpg","old",NA,NA,NA,"",140
"4.13267101357947","233.798319327731","323.798319327731","143.798319327731","low","236.904707784811","maps/google_map_1.png","3.10638845707953","objects/1/1_106.jpg","0.0","indoors","Cheque.jpg","old",6,1.5904709000024,242,"['return']",140
"4.13267101357947","233.798319327731","323.798319327731","143.798319327731","low","236.904707784811","maps/google_map_1.png","3.10638845707953","objects/1/1_106.jpg","0.0","indoors","Cheque.jpg","old",NA,NA,NA,"",140
"None","None","None","None","None","None","maps/google_map_1.png","None","objects/2/2_44.jpg","None","indoors","Popcorn.jpg","new",1,0.83760429994436,NA,"",140
"None","None","None","None","None","None","maps/google_map_1.png","None","objects/2/2_115.jpg","None","outdoors","Fence_Wooden.jpg","new",1,0.645750899973791,NA,"",140
"None","None","None","None","None","None","maps/google_map_1.png","None","objects/2/2_83.jpg","None","outdoors","Bird_CanadianGoose.jpg","new",1,0.581569100031629,NA,"",140
"None","None","None","None","None","None","maps/google_map_1.png","None","objects/2/2_94.jpg","None","indoors","Lollipop_Grape.jpg","new",1,0.787631199986208,NA,"",140
"None","None","None","None","None","None","maps/google_map_1.png","None","objects/2/2_113.jpg","None","outdoors","Leaf_Yellow.jpg","new",1,1.10963700001594,NA,"",140
"1.70100018180938","233.798319327731","323.798319327731","143.798319327731","high","97.5095645623211","maps/google_map_1.png","136.28875476541","objects/1/1_67.jpg","0.0","outdoors","Acorn.jpg","old",1,0.587272000033408,254,"['return']",140
"1.70100018180938","233.798319327731","323.798319327731","143.798319327731","high","97.5095645623211","maps/google_map_1.png","136.28875476541","objects/1/1_67.jpg","0.0","outdoors","Acorn.jpg","old",NA,NA,NA,"",140
"1.18999126442274","323.798319327731","53.7983193277311","233.798319327731","medium","68.2160597439785","maps/google_map_1.png","104.417740416247","objects/1/1_41.jpg","0.0","indoors","FloppyDisk.jpg","old",6,1.38992590003181,17,"['return']",140
"1.18999126442274","323.798319327731","53.7983193277311","233.798319327731","medium","68.2160597439785","maps/google_map_1.png","104.417740416247","objects/1/1_41.jpg","0.0","indoors","FloppyDisk.jpg","old",NA,NA,NA,"",140
"None","None","None","None","None","None","maps/google_map_1.png","None","objects/2/2_118.jpg","None","outdoors","SpiderWeb.jpg","new",1,2.90916229999857,NA,"",140
"None","None","None","None","None","None","maps/google_map_1.png","None","objects/2/2_106.jpg","None","outdoors","Sled.jpg","new",1,0.638452600047458,NA,"",140
"4.31702884732671","233.798319327731","323.798319327731","143.798319327731","low","247.472991248028","maps/google_map_1.png","13.6746719202971","objects/1/1_92.jpg","0.0","outdoors","Iguana.jpg","old",1,2.29363040003227,97,"['return']",140
"4.31702884732671","233.798319327731","323.798319327731","143.798319327731","low","247.472991248028","maps/google_map_1.png","13.6746719202971","objects/1/1_92.jpg","0.0","outdoors","Iguana.jpg","old",NA,NA,NA,"",140
"5.91857437307107","323.798319327731","53.7983193277311","233.798319327731","low","339.281333488151","maps/google_map_1.png","15.4830141604195","objects/1/1_94.jpg","0.0","outdoors","Gorilla.jpg","old",6,1.00121920002857,284,"['return']",140
"5.91857437307107","323.798319327731","53.7983193277311","233.798319327731","low","339.281333488151","maps/google_map_1.png","15.4830141604195","objects/1/1_94.jpg","0.0","outdoors","Gorilla.jpg","old",NA,NA,NA,"",140
"None","None","None","None","None","None","maps/google_map_1.png","None","objects/2/2_26.jpg","None","indoors","Plunger.jpg","new",1,3.55584630003432,NA,"",140
"None","None","None","None","None","None","maps/google_map_1.png","None","objects/2/2_80.jpg","None","indoors","Scissors.jpg","new",1,0.890539599990007,NA,"",140
"None","None","None","None","None","None","maps/google_map_1.png","None","objects/2/2_93.jpg","None","outdoors","Mixer_Cement.jpg","new",1,0.734310499974526,NA,"",140
"1.08530830547943","323.798319327731","53.7983193277311","233.798319327731","medium","62.2151257918146","maps/google_map_1.png","98.4168064640835","objects/1/1_129.jpg","0.0","outdoors","LifeJacket_BlueYellow.jpg","old",6,1.24445439997362,233,"['return']",140
"1.08530830547943","323.798319327731","53.7983193277311","233.798319327731","medium","62.2151257918146","maps/google_map_1.png","98.4168064640835","objects/1/1_129.jpg","0.0","outdoors","LifeJacket_BlueYellow.jpg","old",NA,NA,NA,"",140
"1.61457798804653","323.798319327731","53.7983193277311","233.798319327731","medium","92.5554260663617","maps/google_map_1.png","128.757106738631","objects/1/1_15.jpg","0.0","indoors","Toy_Lion.jpg","old",6,4.06815150001785,113,"['return']",140
"1.61457798804653","323.798319327731","53.7983193277311","233.798319327731","medium","92.5554260663617","maps/google_map_1.png","128.757106738631","objects/1/1_15.jpg","0.0","indoors","Toy_Lion.jpg","old",NA,NA,NA,"",140
"None","None","None","None","None","None","maps/google_map_1.png","None","objects/2/2_31.jpg","None","outdoors","Bark.jpg","new",1,1.143859600008,NA,"",140
"4.2903390596853","233.798319327731","323.798319327731","143.798319327731","low","245.94300342145","maps/google_map_1.png","12.1446840937195","objects/1/1_66.jpg","0.0","outdoors","Pickaxe.jpg","old",6,0.809298600011971,333,"['return']",140
"4.2903390596853","233.798319327731","323.798319327731","143.798319327731","low","245.94300342145","maps/google_map_1.png","12.1446840937195","objects/1/1_66.jpg","0.0","outdoors","Pickaxe.jpg","old",NA,NA,NA,"",140
"None","None","None","None","None","None","maps/google_map_1.png","None","objects/2/2_117.jpg","None","outdoors","PlayerFootball.jpg","new",1,2.11726910003927,NA,"",140
"None","None","None","None","None","None","maps/google_map_1.png","None","objects/2/2_42.jpg","None","outdoors","Kite_Rainbow.jpg","new",1,0.767526199982967,NA,"",140
"None","None","None","None","None","None","maps/google_map_1.png","None","objects/2/2_142.jpg","None","indoors","Slippers.jpg","new",1,0.616534799977671,NA,"",140
"None","None","None","None","None","None","maps/google_map_1.png","None","objects/2/2_119.jpg","None","outdoors","Lobster.jpg","new",1,0.673310599988326,NA,"",140
"None","None","None","None","None","None","maps/google_map_1.png","None","objects/2/2_128.jpg","None","indoors","SewingPin_Single.jpg","new",1,0.959958599996753,NA,"",140
"1.17522782446312","323.798319327731","233.798319327731","260.44537815126","singletons","67.3697478991597","maps/google_map_1.png","None","objects/1/1_74.jpg","0.0","outdoors","Glove_Baseball.jpg","old",1,0.610621100000571,253,"['return']",140
"1.17522782446312","323.798319327731","233.798319327731","260.44537815126","singletons","67.3697478991597","maps/google_map_1.png","None","objects/1/1_74.jpg","0.0","outdoors","Glove_Baseball.jpg","old",NA,NA,NA,"",140
"2.34326149217583","323.798319327731","53.7983193277311","233.798319327731","high","134.327091908168","maps/google_map_1.png","170.528772580437","objects/1/1_43.jpg","0.0","outdoors","Hangar.jpg","old",6,1.33126100001391,71,"['return']",140
"2.34326149217583","323.798319327731","53.7983193277311","233.798319327731","high","134.327091908168","maps/google_map_1.png","170.528772580437","objects/1/1_43.jpg","0.0","outdoors","Hangar.jpg","old",NA,NA,NA,"",140
"4.74903519693675","323.798319327731","53.7983193277311","233.798319327731","low","272.237686448603","maps/google_map_1.png","51.5606328791279","objects/1/1_105.jpg","0.0","outdoors","Hippopotamus.jpg","old",6,0.831021299993154,189,"['return']",140
"4.74903519693675","323.798319327731","53.7983193277311","233.798319327731","low","272.237686448603","maps/google_map_1.png","51.5606328791279","objects/1/1_105.jpg","0.0","outdoors","Hippopotamus.jpg","old",NA,NA,NA,"",140
"None","None","None","None","None","None","maps/google_map_1.png","None","objects/2/2_121.jpg","None","indoors","Cork.jpg","new",1,1.30896460002987,NA,"",140
"None","None","None","None","None","None","maps/google_map_1.png","None","objects/2/2_16.jpg","None","outdoors","Sign_SpeedLimit25.jpg","new",1,1.08123740000883,NA,"",140
"None","None","None","None","None","None","maps/google_map_1.png","None","objects/2/2_33.jpg","None","indoors","Cheesegrater_Box.jpg","new",1,0.964000899984967,NA,"",140
"None","None","None","None","None","None","maps/google_map_1.png","None","objects/2/2_127.jpg","None","outdoors","Seal_Toy.jpg","new",6,0.872256800008472,NA,"",140
"None","None","None","None","None","None","maps/google_map_1.png","None","objects/2/2_137.jpg","None","outdoors","Wheelbarrow_Green.jpg","new",1,2.86440709995804,NA,"",140
"6.24684085784342","323.798319327731","53.7983193277311","233.798319327731","low","358.099157455992","maps/google_map_1.png","34.3008381282614","objects/1/1_119.jpg","0.0","outdoors","Archery_ArrowsBows.jpg","old",6,0.802742299973033,48,"['return']",140
"6.24684085784342","323.798319327731","53.7983193277311","233.798319327731","low","358.099157455992","maps/google_map_1.png","34.3008381282614","objects/1/1_119.jpg","0.0","outdoors","Archery_ArrowsBows.jpg","old",NA,NA,NA,"",140
"1.51830126204792","323.798319327731","53.7983193277311","233.798319327731","medium","87.03637807918","maps/google_map_1.png","123.238058751449","objects/1/1_63.jpg","0.0","indoors","Ashtray_Empty.jpg","old",6,0.897829300025478,211,"['return']",140
"1.51830126204792","323.798319327731","53.7983193277311","233.798319327731","medium","87.03637807918","maps/google_map_1.png","123.238058751449","objects/1/1_63.jpg","0.0","indoors","Ashtray_Empty.jpg","old",NA,NA,NA,"",140
"2.8864021426326","323.798319327731","53.7983193277311","233.798319327731","high","165.462543208238","maps/google_map_1.png","158.335776119493","objects/1/1_87.jpg","0.0","indoors","Clock_Digital.jpg","old",6,0.748228100012057,15,"['return']",140
"2.8864021426326","323.798319327731","53.7983193277311","233.798319327731","high","165.462543208238","maps/google_map_1.png","158.335776119493","objects/1/1_87.jpg","0.0","indoors","Clock_Digital.jpg","old",NA,NA,NA,"",140
"3.75392717086835","323.798319327731","233.798319327731","64.3529411764706","singletons","215.193277310924","maps/google_map_1.png","None","objects/1/1_48.jpg","0.0","indoors","Corkscrew.jpg","old",6,0.957412899995688,311,"['return']",140
"3.75392717086835","323.798319327731","233.798319327731","64.3529411764706","singletons","215.193277310924","maps/google_map_1.png","None","objects/1/1_48.jpg","0.0","indoors","Corkscrew.jpg","old",NA,NA,NA,"",140
"6.21821399438524","323.798319327731","53.7983193277311","233.798319327731","low","356.45812706667","maps/google_map_1.png","32.6598077389386","objects/1/1_112.jpg","0.0","outdoors","House_Stone.jpg","old",6,0.67534210003214,31,"['return']",140
"6.21821399438524","323.798319327731","53.7983193277311","233.798319327731","low","356.45812706667","maps/google_map_1.png","32.6598077389386","objects/1/1_112.jpg","0.0","outdoors","House_Stone.jpg","old",NA,NA,NA,"",140
"0.623861205994929","233.798319327731","323.798319327731","143.798319327731","high","35.7627442927029","maps/google_map_1.png","161.964424964972","objects/1/1_9.jpg","0.0","indoors","Perfume.jpg","old",6,0.787740600004327,241,"['return']",140
"0.623861205994929","233.798319327731","323.798319327731","143.798319327731","high","35.7627442927029","maps/google_map_1.png","161.964424964972","objects/1/1_9.jpg","0.0","indoors","Perfume.jpg","old",NA,NA,NA,"",140
"None","None","None","None","None","None","maps/google_map_1.png","None","objects/2/2_74.jpg","None","indoors","Box_FirstAid.jpg","new",1,2.08148699998856,NA,"",140
"0.855896649319059","233.798319327731","323.798319327731","143.798319327731","high","49.0641391329397","maps/google_map_1.png","175.265819805209","objects/1/1_56.jpg","0.0","indoors","Case_CD.jpg","old",6,1.36645889998181,65,"['return']",140
"0.855896649319059","233.798319327731","323.798319327731","143.798319327731","high","49.0641391329397","maps/google_map_1.png","175.265819805209","objects/1/1_56.jpg","0.0","indoors","Case_CD.jpg","old",NA,NA,NA,"",140
"None","None","None","None","None","None","maps/google_map_1.png","None","objects/2/2_141.jpg","None","indoors","Cup_Styrofoam.jpg","new",1,0.975811999989673,NA,"",140
"5.40449992639169","323.798319327731","53.7983193277311","233.798319327731","low","309.812097691243","maps/google_map_1.png","13.9862216364878","objects/1/1_141.jpg","0.0","outdoors","Owl.jpg","old",6,0.705033599981107,15,"['return']",140
"5.40449992639169","323.798319327731","53.7983193277311","233.798319327731","low","309.812097691243","maps/google_map_1.png","13.9862216364878","objects/1/1_141.jpg","0.0","outdoors","Owl.jpg","old",NA,NA,NA,"",140
"0.0026289870383536","233.798319327731","323.798319327731","143.798319327731","medium","0.150706263345114","maps/google_map_1.png","126.352386935614","objects/1/1_25.jpg","0.0","indoors","Broom_Short.jpg","old",6,0.961249899992254,140,"['return']",140
"0.0026289870383536","233.798319327731","323.798319327731","143.798319327731","medium","0.150706263345114","maps/google_map_1.png","126.352386935614","objects/1/1_25.jpg","0.0","indoors","Broom_Short.jpg","old",NA,NA,NA,"",140
"2.10559154352437","323.798319327731","53.7983193277311","233.798319327731","high","120.702699947257","maps/google_map_1.png","156.904380619526","objects/1/1_128.jpg","0.0","indoors","WindowBlinds.jpg","old",6,1.51564490003511,40,"['return']",140
"2.10559154352437","323.798319327731","53.7983193277311","233.798319327731","high","120.702699947257","maps/google_map_1.png","156.904380619526","objects/1/1_128.jpg","0.0","indoors","WindowBlinds.jpg","old",NA,NA,NA,"",140
"None","None","None","None","None","None","maps/google_map_1.png","None","objects/2/2_49.jpg","None","indoors","RibbonSpool.jpg","new",1,1.08780139998998,NA,"",140
"None","None","None","None","None","None","maps/google_map_1.png","None","objects/2/2_29.jpg","None","outdoors","Flamingo_Cartoon.jpg","new",1,0.852717600006144,NA,"",140
"None","None","None","None","None","None","maps/google_map_1.png","None","objects/2/2_57.jpg","None","indoors","RollingPin.jpg","new",1,0.826300200016703,NA,"",140
"None","None","None","None","None","None","maps/google_map_1.png","None","objects/2/2_56.jpg","None","outdoors","Arch_Triomphe.jpg","new",6,1.50354990002234,NA,"",140
"1.96462558356676","233.798319327731","53.7983193277311","332.848739495798","singletons","112.621848739496","maps/google_map_1.png","None","objects/1/1_131.jpg","0.0","indoors","MagazineRoll.jpg","old",6,1.47091550001642,227,"['return']",140
"1.96462558356676","233.798319327731","53.7983193277311","332.848739495798","singletons","112.621848739496","maps/google_map_1.png","None","objects/1/1_131.jpg","0.0","indoors","MagazineRoll.jpg","old",NA,NA,NA,"",140
"None","None","None","None","None","None","maps/google_map_1.png","None","objects/2/2_103.jpg","None","indoors","PaperStack.jpg","new",6,1.12537289998727,NA,"",140
"0.479470953708826","323.798319327731","53.7983193277311","233.798319327731","medium","27.4855960724805","maps/google_map_1.png","63.6872767447494","objects/1/1_19.jpg","0.0","outdoors","Birdhouse.jpg","old",6,2.42690909997327,35,"['return']",140
"0.479470953708826","323.798319327731","53.7983193277311","233.798319327731","medium","27.4855960724805","maps/google_map_1.png","63.6872767447494","objects/1/1_19.jpg","0.0","outdoors","Birdhouse.jpg","old",NA,NA,NA,"",140
"None","None","None","None","None","None","maps/google_map_1.png","None","objects/2/2_136.jpg","None","indoors","Spool_Thread.jpg","new",1,0.995522499957588,NA,"",140
"None","None","None","None","None","None","maps/google_map_1.png","None","objects/2/2_13.jpg","None","indoors","Jar_Empty.jpg","new",1,0.823507599998266,NA,"",140
"None","None","None","None","None","None","maps/google_map_1.png","None","objects/2/2_38.jpg","None","indoors","ComputerMouse.jpg","new",1,0.759281900012866,NA,"",140
"None","None","None","None","None","None","maps/google_map_1.png","None","objects/2/2_86.jpg","None","outdoors","Cart_Wooden.jpg","new",1,0.6747272000066,NA,"",140
"3.68734860547376","233.798319327731","323.798319327731","143.798319327731","low","211.376671651362","maps/google_map_1.png","22.4216476763693","objects/1/1_82.jpg","0.0","outdoors","Ostrich.jpg","old",6,0.801307999994606,191,"['return']",140
"3.68734860547376","233.798319327731","323.798319327731","143.798319327731","low","211.376671651362","maps/google_map_1.png","22.4216476763693","objects/1/1_82.jpg","0.0","outdoors","Ostrich.jpg","old",NA,NA,NA,"",140
"3.61613900725004","233.798319327731","323.798319327731","143.798319327731","low","207.294592772295","maps/google_map_1.png","26.5037265554358","objects/1/1_134.jpg","0.0","indoors","Pretzel_Sticks.jpg","old",6,1.40899329999229,251,"['return']",140
"3.61613900725004","233.798319327731","323.798319327731","143.798319327731","low","207.294592772295","maps/google_map_1.png","26.5037265554358","objects/1/1_134.jpg","0.0","indoors","Pretzel_Sticks.jpg","old",NA,NA,NA,"",140
"None","None","None","None","None","None","maps/google_map_1.png","None","objects/2/2_116.jpg","None","indoors","Wallet_ClosedBlack.jpg","new",1,1.21649200003594,NA,"",140
"1.86636563370268","323.798319327731","53.7983193277311","233.798319327731","high","106.989112760026","maps/google_map_1.png","143.190793432295","objects/1/1_24.jpg","0.0","outdoors","Igloo.jpg","old",6,0.79108549997909,94,"['return']",140
"1.86636563370268","323.798319327731","53.7983193277311","233.798319327731","high","106.989112760026","maps/google_map_1.png","143.190793432295","objects/1/1_24.jpg","0.0","outdoors","Igloo.jpg","old",NA,NA,NA,"",140
"None","None","None","None","None","None","maps/google_map_1.png","None","objects/2/2_18.jpg","None","outdoors","Statue_Head.jpg","new",1,1.24462010001298,NA,"",140
"None","None","None","None","None","None","maps/google_map_1.png","None","objects/2/2_71.jpg","None","outdoors","PumiceStone.jpg","new",1,0.668770299991593,NA,"",140
"None","None","None","None","None","None","maps/google_map_1.png","None","objects/2/2_72.jpg","None","indoors","Binder.jpg","new",1,0.741244599979836,NA,"",140
"None","None","None","None","None","None","maps/google_map_1.png","None","objects/2/2_32.jpg","None","indoors","HairBand.jpg","new",1,0.626763299980666,NA,"",140
"None","None","None","None","None","None","maps/google_map_1.png","None","objects/2/2_40.jpg","None","outdoors","TrapAnimal.jpg","new",1,0.647341900039464,NA,"",140
"None","None","None","None","None","None","maps/google_map_1.png","None","objects/2/2_114.jpg","None","indoors","Blackboard.jpg","new",1,0.885369300027378,NA,"",140
"6.17474696545285","323.798319327731","233.798319327731","302.680672268908","singletons","353.966386554622","maps/google_map_1.png","None","objects/1/1_61.jpg","0.0","indoors","ServiceBell.jpg","old",6,0.653787099989131,336,"['return']",140
"6.17474696545285","323.798319327731","233.798319327731","302.680672268908","singletons","353.966386554622","maps/google_map_1.png","None","objects/1/1_61.jpg","0.0","indoors","ServiceBell.jpg","old",NA,NA,NA,"",140
"5.1304604825497","233.798319327731","323.798319327731","143.798319327731","medium","294.102830209855","maps/google_map_1.png","60.3045108821242","objects/1/1_59.jpg","0.0","outdoors","Hedgehog.jpg","old",6,1.17608399997698,208,"['return']",140
"5.1304604825497","233.798319327731","323.798319327731","143.798319327731","medium","294.102830209855","maps/google_map_1.png","60.3045108821242","objects/1/1_59.jpg","0.0","outdoors","Hedgehog.jpg","old",NA,NA,NA,"",140
"1.92717055907271","323.798319327731","53.7983193277311","233.798319327731","high","110.47474542455","maps/google_map_1.png","146.676426096819","objects/1/1_114.jpg","0.0","outdoors","Grenade.jpg","old",6,1.00743670004886,203,"['return']",140
"1.92717055907271","323.798319327731","53.7983193277311","233.798319327731","high","110.47474542455","maps/google_map_1.png","146.676426096819","objects/1/1_114.jpg","0.0","outdoors","Grenade.jpg","old",NA,NA,NA,"",140
"2.86544548963693","323.798319327731","53.7983193277311","233.798319327731","high","164.261206412308","maps/google_map_1.png","159.537112915423","objects/1/1_120.jpg","0.0","outdoors","Hose_Garden.jpg","old",6,1.11091640003724,215,"['return']",140
"2.86544548963693","323.798319327731","53.7983193277311","233.798319327731","high","164.261206412308","maps/google_map_1.png","159.537112915423","objects/1/1_120.jpg","0.0","outdoors","Hose_Garden.jpg","old",NA,NA,NA,"",140
"None","None","None","None","None","None","maps/google_map_1.png","None","objects/2/2_15.jpg","None","outdoors","Shed.jpg","new",1,1.6203481000266,NA,"",140
"None","None","None","None","None","None","maps/google_map_1.png","None","objects/2/2_75.jpg","None","indoors","TeethMould.jpg","new",1,0.557769200007897,NA,"",140
"0.310711406471985","323.798319327731","53.7983193277311","233.798319327731","medium","17.8114818996679","maps/google_map_1.png","54.0131625719368","objects/1/1_137.jpg","0.0","indoors","Tape_Clear.jpg","old",6,0.826415000017732,183,"['return']",140
"0.310711406471985","323.798319327731","53.7983193277311","233.798319327731","medium","17.8114818996679","maps/google_map_1.png","54.0131625719368","objects/1/1_137.jpg","0.0","indoors","Tape_Clear.jpg","old",NA,NA,NA,"",140
"4.23294140539357","233.798319327731","323.798319327731","143.798319327731","low","242.652692028931","maps/google_map_1.png","8.85437270119989","objects/1/1_69.jpg","0.0","indoors","Oven.jpg","old",6,1.05641670001205,319,"['return']",140
"4.23294140539357","233.798319327731","323.798319327731","143.798319327731","low","242.652692028931","maps/google_map_1.png","8.85437270119989","objects/1/1_69.jpg","0.0","indoors","Oven.jpg","old",NA,NA,NA,"",140
"5.12221661998133","233.798319327731","143.798319327731","22.1176470588235","singletons","293.63025210084","maps/google_map_1.png","None","objects/1/1_20.jpg","0.0","indoors","Clock_Wall.jpg","old",6,1.28525549999904,91,"['return']",140
"5.12221661998133","233.798319327731","143.798319327731","22.1176470588235","singletons","293.63025210084","maps/google_map_1.png","None","objects/1/1_20.jpg","0.0","indoors","Clock_Wall.jpg","old",NA,NA,NA,"",140
"5.52907886605112","323.798319327731","53.7983193277311","233.798319327731","low","316.953565569809","maps/google_map_1.png","6.84475375792183","objects/1/1_71.jpg","0.0","outdoors","PoliceTape.jpg","old",6,0.830469600041397,137,"['return']",140
"5.52907886605112","323.798319327731","53.7983193277311","233.798319327731","low","316.953565569809","maps/google_map_1.png","6.84475375792183","objects/1/1_71.jpg","0.0","outdoors","PoliceTape.jpg","old",NA,NA,NA,"",140
"None","None","None","None","None","None","maps/google_map_1.png","None","objects/2/2_89.jpg","None","indoors","Stick_Drum.jpg","new",1,1.03434160002507,NA,"",140
"None","None","None","None","None","None","maps/google_map_1.png","None","objects/2/2_79.jpg","None","indoors","Key_Car.jpg","new",1,0.668948100006673,NA,"",140
"5.59670389630162","323.798319327731","53.7983193277311","233.798319327731","low","320.830159660602","maps/google_map_1.png","2.96815966712861","objects/1/1_115.jpg","0.0","indoors","HairDryer.jpg","old",6,0.82369709998602,245,"['return']",140
"5.59670389630162","323.798319327731","53.7983193277311","233.798319327731","low","320.830159660602","maps/google_map_1.png","2.96815966712861","objects/1/1_115.jpg","0.0","indoors","HairDryer.jpg","old",NA,NA,NA,"",140
"None","None","None","None","None","None","maps/google_map_1.png","None","objects/2/2_95.jpg","None","indoors","Pickle.jpg","new",1,0.995219499978703,NA,"",140
"None","None","None","None","None","None","maps/google_map_1.png","None","objects/2/2_17.jpg","None","outdoors","ManholeCover.jpg","new",1,0.636176300002262,NA,"",140
"None","None","None","None","None","None","maps/google_map_1.png","None","objects/2/2_112.jpg","None","outdoors","Toy_GasPump.jpg","new",1,0.670844900014345,NA,"",140
"0.480163695621615","323.798319327731","53.7983193277311","233.798319327731","medium","27.5253073923219","maps/google_map_1.png","63.7269880645908","objects/1/1_133.jpg","0.0","indoors","Clip_Paper.jpg","old",6,0.807629099988844,311,"['return']",140
"0.480163695621615","323.798319327731","53.7983193277311","233.798319327731","medium","27.5253073923219","maps/google_map_1.png","63.7269880645908","objects/1/1_133.jpg","0.0","indoors","Clip_Paper.jpg","old",NA,NA,NA,"",140
"3.43816806722689","233.798319327731","53.7983193277311","103.571428571429","singletons","197.09243697479","maps/google_map_1.png","None","objects/1/1_55.jpg","0.0","outdoors","Chipmunk.jpg","old",6,0.973696900007781,227,"['return']",140
"3.43816806722689","233.798319327731","53.7983193277311","103.571428571429","singletons","197.09243697479","maps/google_map_1.png","None","objects/1/1_55.jpg","0.0","outdoors","Chipmunk.jpg","old",NA,NA,NA,"",140
"4.64857796451914","323.798319327731","143.798319327731","133.739495798319","singletons","266.478991596639","maps/google_map_1.png","None","objects/1/1_143.jpg","0.0","indoors","Stamp.jpg","old",6,0.71324240003014,67,"['return']",140
"4.64857796451914","323.798319327731","143.798319327731","133.739495798319","singletons","266.478991596639","maps/google_map_1.png","None","objects/1/1_143.jpg","0.0","indoors","Stamp.jpg","old",NA,NA,NA,"",140
"2.47001492433048","323.798319327731","53.7983193277311","233.798319327731","high","141.593212222767","maps/google_map_1.png","177.794892895035","objects/1/1_126.jpg","0.0","outdoors","Bench_Park.jpg","old",6,0.874560500029474,155,"['return']",140
"2.47001492433048","323.798319327731","53.7983193277311","233.798319327731","high","141.593212222767","maps/google_map_1.png","177.794892895035","objects/1/1_126.jpg","0.0","outdoors","Bench_Park.jpg","old",NA,NA,NA,"",140
"5.00548758724503","233.798319327731","323.798319327731","143.798319327731","medium","286.938778886658","maps/google_map_1.png","53.1404595589266","objects/1/1_5.jpg","0.0","indoors","CoffeeBeans.jpg","old",6,1.39299740002025,241,"['return']",140
"5.00548758724503","233.798319327731","323.798319327731","143.798319327731","medium","286.938778886658","maps/google_map_1.png","53.1404595589266","objects/1/1_5.jpg","0.0","indoors","CoffeeBeans.jpg","old",NA,NA,NA,"",140
"None","None","None","None","None","None","maps/google_map_1.png","None","objects/1/1_93.jpg","None","outdoors","Oars.jpg","new",1,1.34237010002835,NA,"",140
"None","None","None","None","None","None","maps/google_map_1.png","None","objects/2/2_70.jpg","None","outdoors","GatedEntrance.jpg","new",1,0.778832799987867,NA,"",140
"6.16539706108192","233.798319327731","323.798319327731","143.798319327731","medium","353.430404775396","maps/google_map_1.png","119.632085447665","objects/1/1_21.jpg","0.0","outdoors","Cow.jpg","old",6,0.807250800018664,80,"['return']",140
"6.16539706108192","233.798319327731","323.798319327731","143.798319327731","medium","353.430404775396","maps/google_map_1.png","119.632085447665","objects/1/1_21.jpg","0.0","outdoors","Cow.jpg","old",NA,NA,NA,"",140
"1.01734827264239","323.798319327731","323.798319327731","172.957983193277","singletons","58.3193277310924","maps/google_map_1.png","None","objects/1/1_29.jpg","0.0","indoors","DogTreat.jpg","old",6,0.825840400008019,281,"['return']",140
"1.01734827264239","323.798319327731","323.798319327731","172.957983193277","singletons","58.3193277310924","maps/google_map_1.png","None","objects/1/1_29.jpg","0.0","indoors","DogTreat.jpg","old",NA,NA,NA,"",140
"3.72216398799465","233.798319327731","323.798319327731","143.798319327731","low","213.372457910521","maps/google_map_1.png","20.4258614172099","objects/1/1_22.jpg","0.0","indoors","Vase_Decorative.jpg","old",1,0.913673700008076,163,"['return']",140
"3.72216398799465","233.798319327731","323.798319327731","143.798319327731","low","213.372457910521","maps/google_map_1.png","20.4258614172099","objects/1/1_22.jpg","0.0","indoors","Vase_Decorative.jpg","old",NA,NA,NA,"",140
"6.01686741363212","323.798319327731","323.798319327731","109.605042016807","singletons","344.915966386555","maps/google_map_1.png","None","objects/1/1_98.jpg","0.0","indoors","Pasta_Spaghetti.jpg","old",6,0.758329599979334,343,"['return']",140
"6.01686741363212","323.798319327731","323.798319327731","109.605042016807","singletons","344.915966386555","maps/google_map_1.png","None","objects/1/1_98.jpg","0.0","indoors","Pasta_Spaghetti.jpg","old",NA,NA,NA,"",140
"4.18948074861693","233.798319327731","323.798319327731","143.798319327731","low","240.161316799697","maps/google_map_1.png","6.36299747196549","objects/1/1_28.jpg","0.0","outdoors","Boat_Sail.jpg","old",6,2.21230429998832,233,"['return']",140
"4.18948074861693","233.798319327731","323.798319327731","143.798319327731","low","240.161316799697","maps/google_map_1.png","6.36299747196549","objects/1/1_28.jpg","0.0","outdoors","Boat_Sail.jpg","old",NA,NA,NA,"",140
"0.543709617180205","233.798319327731","53.7983193277311","206.142857142857","singletons","31.1680672268908","maps/google_map_1.png","None","objects/1/1_36.jpg","0.0","outdoors","Flower_Daisy.jpg","old",6,0.861650299979374,315,"['return']",140
"0.543709617180205","233.798319327731","53.7983193277311","206.142857142857","singletons","31.1680672268908","maps/google_map_1.png","None","objects/1/1_36.jpg","0.0","outdoors","Flower_Daisy.jpg","old",NA,NA,NA,"",140
"None","None","None","None","None","None","maps/google_map_1.png","None","objects/2/2_120.jpg","None","outdoors","Bat_Baseball.jpg","new",1,1.2249187999987,NA,"",140
"4.0523462396743","233.798319327731","323.798319327731","143.798319327731","low","232.300102911266","maps/google_map_1.png","1.49821641646532","objects/1/1_42.jpg","0.0","outdoors","Ambulance.jpg","old",1,0.841282699955627,114,"['return']",140
"4.0523462396743","233.798319327731","323.798319327731","143.798319327731","low","232.300102911266","maps/google_map_1.png","1.49821641646532","objects/1/1_42.jpg","0.0","outdoors","Ambulance.jpg","old",NA,NA,NA,"",140
"None","None","None","None","None","None","maps/google_map_1.png","None","objects/2/2_7.jpg","None","indoors","Bowl_Wooden.jpg","new",1,0.740468900010455,NA,"",140
"0.437508509450438","233.798319327731","323.798319327731","143.798319327731","high","25.0801056372862","maps/google_map_1.png","151.281786309555","objects/1/1_101.jpg","0.0","indoors","Accordion.jpg","old",6,0.840554199996404,39,"['return']",140
"0.437508509450438","233.798319327731","323.798319327731","143.798319327731","high","25.0801056372862","maps/google_map_1.png","151.281786309555","objects/1/1_101.jpg","0.0","indoors","Accordion.jpg","old",NA,NA,NA,"",140
"None","None","None","None","None","None","maps/google_map_1.png","None","objects/2/2_76.jpg","None","indoors","Dart.jpg","new",1,1.28868609998608,NA,"",140
"0.385830065359477","233.798319327731","53.7983193277311","133.739495798319","singletons","22.1176470588235","maps/google_map_1.png","None","objects/1/1_80.jpg","0.0","indoors","Tofu.jpg","old",6,0.805826300056651,280,"['return']",140
"0.385830065359477","233.798319327731","53.7983193277311","133.739495798319","singletons","22.1176470588235","maps/google_map_1.png","None","objects/1/1_80.jpg","0.0","indoors","Tofu.jpg","old",NA,NA,NA,"",140
"0.0519573819966374","233.798319327731","323.798319327731","143.798319327731","medium","2.97844864948877","maps/google_map_1.png","129.180129321758","objects/1/1_77.jpg","0.0","indoors","Battery_AA.jpg","old",6,1.56565980002051,335,"['return']",140
"0.0519573819966374","233.798319327731","323.798319327731","143.798319327731","medium","2.97844864948877","maps/google_map_1.png","129.180129321758","objects/1/1_77.jpg","0.0","indoors","Battery_AA.jpg","old",NA,NA,NA,"",140
"3.9927413264478","233.798319327731","323.798319327731","143.798319327731","low","228.883260751785","maps/google_map_1.png","4.91505857594622","objects/1/1_110.jpg","0.0","indoors","Belt.jpg","old",1,0.834157299948856,156,"['return']",140
"3.9927413264478","233.798319327731","323.798319327731","143.798319327731","low","228.883260751785","maps/google_map_1.png","4.91505857594622","objects/1/1_110.jpg","0.0","indoors","Belt.jpg","old",NA,NA,NA,"",140
"3.01296475381622","323.798319327731","53.7983193277311","233.798319327731","high","172.717724741057","maps/google_map_1.png","151.080594586674","objects/1/1_75.jpg","0.0","outdoors","Horseshoe.jpg","old",6,0.834819300042,297,"['return']",140
"3.01296475381622","323.798319327731","53.7983193277311","233.798319327731","high","172.717724741057","maps/google_map_1.png","151.080594586674","objects/1/1_75.jpg","0.0","outdoors","Horseshoe.jpg","old",NA,NA,NA,"",140
"3.43357310575925","233.798319327731","323.798319327731","143.798319327731","low","196.829031540339","maps/google_map_1.png","36.9692877873918","objects/1/1_8.jpg","0.0","outdoors","Snake_Cobra.jpg","old",6,1.07461370003875,2,"['return']",140
"3.43357310575925","233.798319327731","323.798319327731","143.798319327731","low","196.829031540339","maps/google_map_1.png","36.9692877873918","objects/1/1_8.jpg","0.0","outdoors","Snake_Cobra.jpg","old",NA,NA,NA,"",140
"2.03297542370188","323.798319327731","53.7983193277311","233.798319327731","high","116.539992441509","maps/google_map_1.png","152.741673113778","objects/1/1_79.jpg","0.0","indoors","Pencil.jpg","old",6,1.80593360000057,281,"['return']",140
"2.03297542370188","323.798319327731","53.7983193277311","233.798319327731","high","116.539992441509","maps/google_map_1.png","152.741673113778","objects/1/1_79.jpg","0.0","indoors","Pencil.jpg","old",NA,NA,NA,"",140
"5.80279476124435","323.798319327731","53.7983193277311","233.798319327731","low","332.644285676428","maps/google_map_1.png","8.84596634869671","objects/1/1_91.jpg","0.0","outdoors","Toad.jpg","old",6,1.08233250002377,79,"['return']",140
"5.80279476124435","323.798319327731","53.7983193277311","233.798319327731","low","332.644285676428","maps/google_map_1.png","8.84596634869671","objects/1/1_91.jpg","0.0","outdoors","Toad.jpg","old",NA,NA,NA,"",140
"None","None","None","None","None","None","maps/google_map_1.png","None","objects/2/2_55.jpg","None","outdoors","Earth_Planet.jpg","new",1,0.86466180003481,NA,"",140
"None","None","None","None","None","None","maps/google_map_1.png","None","objects/2/2_134.jpg","None","outdoors","Scorpion.jpg","new",1,0.890070200024638,NA,"",140
"None","None","None","None","None","None","maps/google_map_1.png","None","objects/2/2_19.jpg","None","outdoors","Shovel_Garden.jpg","new",1,2.04879979998805,NA,"",140
"None","None","None","None","None","None","maps/google_map_1.png","None","objects/2/2_68.jpg","None","indoors","Bugle.jpg","new",1,0.687659199989866,NA,"",140
"1.17902795830773","233.798319327731","323.798319327731","143.798319327731","high","67.587589966685","maps/google_map_1.png","166.210729361046","objects/1/1_70.jpg","0.0","outdoors","Colosseum.jpg","old",6,0.960606099979486,37,"['return']",140
"1.17902795830773","233.798319327731","323.798319327731","143.798319327731","high","67.587589966685","maps/google_map_1.png","166.210729361046","objects/1/1_70.jpg","0.0","outdoors","Colosseum.jpg","old",NA,NA,NA,"",140
"1.62755985725237","233.798319327731","323.798319327731","143.798319327731","high","93.2996096514095","maps/google_map_1.png","140.498709676322","objects/1/1_81.jpg","0.0","outdoors","BicycleSeat.jpg","old",6,1.20080140000209,166,"['return']",140
"1.62755985725237","233.798319327731","323.798319327731","143.798319327731","high","93.2996096514095","maps/google_map_1.png","140.498709676322","objects/1/1_81.jpg","0.0","outdoors","BicycleSeat.jpg","old",NA,NA,NA,"",140
"0.360446484431999","323.798319327731","53.7983193277311","233.798319327731","low","20.6625373241273","maps/google_map_1.png","56.8642179963963","objects/1/1_73.jpg","0.0","outdoors","Teardrop.jpg","old",6,0.764263699995354,232,"['return']",140
"0.360446484431999","323.798319327731","53.7983193277311","233.798319327731","low","20.6625373241273","maps/google_map_1.png","56.8642179963963","objects/1/1_73.jpg","0.0","outdoors","Teardrop.jpg","old",NA,NA,NA,"",140
"None","None","None","None","None","None","maps/google_map_1.png","None","objects/2/2_27.jpg","None","outdoors","BridgeWooden.jpg","new",1,1.11457999999402,NA,"",140
"0.964721755368814","233.798319327731","53.7983193277311","188.042016806723","singletons","55.3025210084034","maps/google_map_1.png","None","objects/1/1_121.jpg","0.0","indoors","Toast.jpg","old",6,2.00685879995581,343,"['return']",140
"0.964721755368814","233.798319327731","53.7983193277311","188.042016806723","singletons","55.3025210084034","maps/google_map_1.png","None","objects/1/1_121.jpg","0.0","indoors","Toast.jpg","old",NA,NA,NA,"",140
"None","None","None","None","None","None","maps/google_map_1.png","None","objects/2/2_135.jpg","None","indoors","ComputerKeyboard_F1.jpg","new",1,3.32842960004928,NA,"",140
"5.90013124156311","323.798319327731","53.7983193277311","233.798319327731","low","338.224083911261","maps/google_map_1.png","14.4257645835299","objects/1/1_68.jpg","0.0","indoors","Tortilla.jpg","old",1,1.05598800000735,347,"['return']",140
"5.90013124156311","323.798319327731","53.7983193277311","233.798319327731","low","338.224083911261","maps/google_map_1.png","14.4257645835299","objects/1/1_68.jpg","0.0","indoors","Tortilla.jpg","old",NA,NA,NA,"",140
"0.491083099906629","323.798319327731","143.798319327731","236.310924369748","singletons","28.1512605042017","maps/google_map_1.png","None","objects/1/1_57.jpg","0.0","outdoors","Hat_Hard.jpg","old",6,0.709048900054768,194,"['return']",140
"0.491083099906629","323.798319327731","143.798319327731","236.310924369748","singletons","28.1512605042017","maps/google_map_1.png","None","objects/1/1_57.jpg","0.0","outdoors","Hat_Hard.jpg","old",NA,NA,NA,"",140
"None","None","None","None","None","None","maps/google_map_1.png","None","objects/2/2_22.jpg","None","indoors","Triangle.jpg","new",1,1.08375829999568,NA,"",140
"5.11546072477285","323.798319327731","53.7983193277311","233.798319327731","low","293.242971483794","maps/google_map_1.png","30.5553478439372","objects/1/1_118.jpg","0.0","outdoors","DogHouse.jpg","old",6,0.885323799971957,194,"['return']",140
"5.11546072477285","323.798319327731","53.7983193277311","233.798319327731","low","293.242971483794","maps/google_map_1.png","30.5553478439372","objects/1/1_118.jpg","0.0","outdoors","DogHouse.jpg","old",NA,NA,NA,"",140
"0.227950513538749","233.798319327731","53.7983193277311","37.2016806722689","singletons","13.0672268907563","maps/google_map_1.png","None","objects/1/1_100.jpg","0.0","indoors","Pasta_Macaroni.jpg","old",6,1.46497999998974,311,"['return']",140
"0.227950513538749","233.798319327731","53.7983193277311","37.2016806722689","singletons","13.0672268907563","maps/google_map_1.png","None","objects/1/1_100.jpg","0.0","indoors","Pasta_Macaroni.jpg","old",NA,NA,NA,"",140
"None","None","None","None","None","None","maps/google_map_1.png","None","objects/2/2_105.jpg","None","indoors","Stool_Wood.jpg","new",1,1.20689480000874,NA,"",140
"0.224621621342687","323.798319327731","53.7983193277311","233.798319327731","medium","12.8763986756954","maps/google_map_1.png","49.0780793479643","objects/1/1_88.jpg","0.0","outdoors","Golf_Club.jpg","old",1,1.98346220003441,347,"['return']",140
"0.224621621342687","323.798319327731","53.7983193277311","233.798319327731","medium","12.8763986756954","maps/google_map_1.png","49.0780793479643","objects/1/1_88.jpg","0.0","outdoors","Golf_Club.jpg","old",NA,NA,NA,"",140
"4.41074335878565","233.798319327731","323.798319327731","143.798319327731","low","252.845160694719","maps/google_map_1.png","19.0468413669877","objects/1/1_53.jpg","0.0","indoors","NailPolish.jpg","old",1,1.36443989997497,57,"['return']",140
"4.41074335878565","233.798319327731","323.798319327731","143.798319327731","low","252.845160694719","maps/google_map_1.png","19.0468413669877","objects/1/1_53.jpg","0.0","indoors","NailPolish.jpg","old",NA,NA,NA,"",140
"5.14638072169691","323.798319327731","53.7983193277311","233.798319327731","low","295.015455383899","maps/google_map_1.png","28.7828639438319","objects/1/1_33.jpg","0.0","indoors","Mop.jpg","old",6,0.916337800037581,59,"['return']",140
"5.14638072169691","323.798319327731","53.7983193277311","233.798319327731","low","295.015455383899","maps/google_map_1.png","28.7828639438319","objects/1/1_33.jpg","0.0","indoors","Mop.jpg","old",NA,NA,NA,"",140
"3.97563495375256","233.798319327731","323.798319327731","143.798319327731","low","227.902640660975","maps/google_map_1.png","5.89567866675647","objects/1/1_30.jpg","0.0","outdoors","Dolphine.jpg","old",6,0.824719300027937,210,"['return']",140
"3.97563495375256","233.798319327731","323.798319327731","143.798319327731","low","227.902640660975","maps/google_map_1.png","5.89567866675647","objects/1/1_30.jpg","0.0","outdoors","Dolphine.jpg","old",NA,NA,NA,"",140
"None","None","None","None","None","None","maps/google_map_1.png","None","objects/2/2_77.jpg","None","indoors","Leg.jpg","new",1,2.29271760000847,NA,"",140
"None","None","None","None","None","None","maps/google_map_1.png","None","objects/2/2_100.jpg","None","outdoors","Hay.jpg","new",1,0.775725700019393,NA,"",140
"None","None","None","None","None","None","maps/google_map_1.png","None","objects/2/2_60.jpg","None","outdoors","Goat.jpg","new",1,0.694339300040156,NA,"",140
"0.446610462030241","323.798319327731","53.7983193277311","233.798319327731","medium","25.601873619568","maps/google_map_1.png","61.8035542918369","objects/1/1_107.jpg","0.0","indoors","Cup_sippy.jpg","old",1,0.718308300012723,245,"['return']",140
"0.446610462030241","323.798319327731","53.7983193277311","233.798319327731","medium","25.601873619568","maps/google_map_1.png","61.8035542918369","objects/1/1_107.jpg","0.0","indoors","Cup_sippy.jpg","old",NA,NA,NA,"",140
"None","None","None","None","None","None","maps/google_map_1.png","None","objects/2/2_143.jpg","None","outdoors","Clam.jpg","new",1,1.15514590003295,NA,"",140
"None","None","None","None","None","None","maps/google_map_1.png","None","objects/2/2_41.jpg","None","outdoors","Ship_Battle.jpg","new",1,0.735134700022172,NA,"",140
"4.32444066357709","233.798319327731","323.798319327731","143.798319327731","low","247.897872434356","maps/google_map_1.png","14.0995531066246","objects/1/1_54.jpg","0.0","outdoors","LightHouse.jpg","old",1,1.43726630002493,283,"['return']",140
"4.32444066357709","233.798319327731","323.798319327731","143.798319327731","low","247.897872434356","maps/google_map_1.png","14.0995531066246","objects/1/1_54.jpg","0.0","outdoors","LightHouse.jpg","old",NA,NA,NA,"",140
"None","None","None","None","None","None","maps/google_map_1.png","None","objects/2/2_66.jpg","None","outdoors","Flower_Sun.jpg","new",4,2.38649300002726,NA,"",140
"None","None","None","None","None","None","maps/google_map_1.png","None","objects/2/2_84.jpg","None","indoors","Ring_Plain.jpg","new",1,1.54922419996001,NA,"",140
"None","None","None","None","None","None","maps/google_map_1.png","None","objects/2/2_125.jpg","None","outdoors","Bird_Pelican.jpg","new",1,0.668711000005715,NA,"",140
"None","None","None","None","None","None","maps/google_map_1.png","None","objects/2/2_21.jpg","None","outdoors","Dog_SaintBernard.jpg","new",1,1.03559600003064,NA,"",140
"None","None","None","None","None","None","maps/google_map_1.png","None","objects/2/2_59.jpg","None","indoors","Brace_Neck.jpg","new",1,1.41494869999588,NA,"",140
"4.41783214480659","233.798319327731","323.798319327731","143.798319327731","low","253.251524224581","maps/google_map_1.png","19.4532048968503","objects/1/1_84.jpg","0.0","outdoors","Spider.jpg","old",6,1.01606599998195,155,"['return']",140
"4.41783214480659","233.798319327731","323.798319327731","143.798319327731","low","253.251524224581","maps/google_map_1.png","19.4532048968503","objects/1/1_84.jpg","0.0","outdoors","Spider.jpg","old",NA,NA,NA,"",140
"None","None","None","None","None","None","maps/google_map_1.png","None","objects/2/2_43.jpg","None","indoors","Candy_GummyBear.jpg","new",1,0.810421800008044,NA,"",140
"None","None","None","None","None","None","maps/google_map_1.png","None","objects/2/2_88.jpg","None","indoors","EnglishMuffin.jpg","new",1,0.908546299964655,NA,"",140
"None","None","None","None","None","None","maps/google_map_1.png","None","objects/2/2_87.jpg","None","outdoors","Buffalo.jpg","new",1,1.05667329998687,NA,"",140
"None","None","None","None","None","None","maps/google_map_1.png","None","objects/2/2_104.jpg","None","indoors","Man.jpg","new",1,1.0580344000482,NA,"",140
"None","None","None","None","None","None","maps/google_map_1.png","None","objects/2/2_58.jpg","None","indoors","Printer.jpg","new",1,0.831661899981555,NA,"",140
"2.40060439972005","323.798319327731","53.7983193277311","233.798319327731","high","137.614264952105","maps/google_map_1.png","173.815945624374","objects/1/1_111.jpg","0.0","indoors","Hand.jpg","old",1,3.57291919999989,349,"['return']",140
"2.40060439972005","323.798319327731","53.7983193277311","233.798319327731","high","137.614264952105","maps/google_map_1.png","173.815945624374","objects/1/1_111.jpg","0.0","indoors","Hand.jpg","old",NA,NA,NA,"",140
"None","None","None","None","None","None","maps/google_map_1.png","None","objects/2/2_126.jpg","None","indoors","Playdoh.jpg","new",1,0.958043400023598,NA,"",140
"3.77387535777397","233.798319327731","323.798319327731","143.798319327731","low","216.336803948826","maps/google_map_1.png","17.4615153789046","objects/1/1_95.jpg","0.0","indoors","Arm.jpg","old",6,0.967748900002334,9,"['return']",140
"3.77387535777397","233.798319327731","323.798319327731","143.798319327731","low","216.336803948826","maps/google_map_1.png","17.4615153789046","objects/1/1_95.jpg","0.0","indoors","Arm.jpg","old",NA,NA,NA,"",140
"None","None","None","None","None","None","maps/google_map_1.png","None","objects/2/2_82.jpg","None","outdoors","Phone_Public.jpg","new",1,0.990963199990802,NA,"",140
"5.29632771976789","233.798319327731","323.798319327731","143.798319327731","medium","303.611143171408","maps/google_map_1.png","69.8128238436766","objects/1/1_140.jpg","0.0","outdoors","Outhouse.jpg","old",6,1.18637630000012,98,"['return']",140
"5.29632771976789","233.798319327731","323.798319327731","143.798319327731","medium","303.611143171408","maps/google_map_1.png","69.8128238436766","objects/1/1_140.jpg","0.0","outdoors","Outhouse.jpg","old",NA,NA,NA,"",140
"None","None","None","None","None","None","maps/google_map_1.png","None","objects/2/2_90.jpg","None","indoors","Switch_LightWhite.jpg","new",1,1.27738060004776,NA,"",140
"5.05278335390654","323.798319327731","53.7983193277311","233.798319327731","low","289.650001179356","maps/google_map_1.png","34.1483181483754","objects/1/1_89.jpg","0.0","outdoors","Hubcap.jpg","old",6,1.17635219998192,248,"['return']",140
"5.05278335390654","323.798319327731","53.7983193277311","233.798319327731","low","289.650001179356","maps/google_map_1.png","34.1483181483754","objects/1/1_89.jpg","0.0","outdoors","Hubcap.jpg","old",NA,NA,NA,"",140
"3.78998178956906","233.798319327731","323.798319327731","143.798319327731","low","217.260102586761","maps/google_map_1.png","16.5382167409696","objects/1/1_35.jpg","0.0","outdoors","BoxTrailer.jpg","old",6,0.884375700028613,100,"['return']",140
"3.78998178956906","233.798319327731","323.798319327731","143.798319327731","low","217.260102586761","maps/google_map_1.png","16.5382167409696","objects/1/1_35.jpg","0.0","outdoors","BoxTrailer.jpg","old",NA,NA,NA,"",140
"0.0595137208633444","233.798319327731","323.798319327731","143.798319327731","medium","3.41161457178407","maps/google_map_1.png","129.613295244053","objects/1/1_1.jpg","0.0","indoors","Bottle_Oil.jpg","old",6,1.58237369998824,148,"['return']",140
"0.0595137208633444","233.798319327731","323.798319327731","143.798319327731","medium","3.41161457178407","maps/google_map_1.png","129.613295244053","objects/1/1_1.jpg","0.0","indoors","Bottle_Oil.jpg","old",NA,NA,NA,"",140
"None","None","None","None","None","None","maps/google_map_1.png","None","objects/2/2_139.jpg","None","indoors","Button.jpg","new",1,0.996174299973063,NA,"",140
"1.59227775902984","233.798319327731","323.798319327731","143.798319327731","high","91.2770689889718","maps/google_map_1.png","142.521250338759","objects/1/1_4.jpg","0.0","indoors","Knee.jpg","old",6,0.806912800006103,304,"['return']",140
"1.59227775902984","233.798319327731","323.798319327731","143.798319327731","high","91.2770689889718","maps/google_map_1.png","142.521250338759","objects/1/1_4.jpg","0.0","indoors","Knee.jpg","old",NA,NA,NA,"",140
"None","None","None","None","None","None","maps/google_map_1.png","None","objects/2/2_30.jpg","None","indoors","Spoons_MeasuringDetached.jpg","new",1,0.700612300017383,NA,"",140
"5.31580113220758","233.798319327731","323.798319327731","143.798319327731","medium","304.727453438651","maps/google_map_1.png","70.9291341109201","objects/1/1_72.jpg","0.0","outdoors","Sheep.jpg","old",1,0.947802000038791,118,"['return']",140
"5.31580113220758","233.798319327731","323.798319327731","143.798319327731","medium","304.727453438651","maps/google_map_1.png","70.9291341109201","objects/1/1_72.jpg","0.0","outdoors","Sheep.jpg","old",NA,NA,NA,"",140
"3.77721567263739","233.798319327731","323.798319327731","143.798319327731","low","216.528286966474","maps/google_map_1.png","17.2700323612568","objects/1/1_7.jpg","0.0","indoors","Briefcase_Open.jpg","old",1,0.741593400016427,249,"['return']",140
"3.77721567263739","233.798319327731","323.798319327731","143.798319327731","low","216.528286966474","maps/google_map_1.png","17.2700323612568","objects/1/1_7.jpg","0.0","indoors","Briefcase_Open.jpg","old",NA,NA,NA,"",140
"None","None","None","None","None","None","maps/google_map_1.png","None","objects/2/2_110.jpg","None","outdoors","Crab.jpg","new",1,0.775525300006848,NA,"",140
"4.25663845850146","233.798319327731","323.798319327731","143.798319327731","low","244.011121824925","maps/google_map_1.png","10.2128024971935","objects/1/1_113.jpg","0.0","indoors","Toilet.jpg","old",6,0.980164100008551,105,"['return']",140
"4.25663845850146","233.798319327731","323.798319327731","143.798319327731","low","244.011121824925","maps/google_map_1.png","10.2128024971935","objects/1/1_113.jpg","0.0","indoors","Toilet.jpg","old",NA,NA,NA,"",140
"3.54342110177404","233.798319327731","143.798319327731","130.72268907563","singletons","203.126050420168","maps/google_map_1.png","None","objects/1/1_18.jpg","0.0","indoors","ChessPiece_Knight.jpg","old",6,1.29064169997582,351,"['return']",140
"3.54342110177404","233.798319327731","143.798319327731","130.72268907563","singletons","203.126050420168","maps/google_map_1.png","None","objects/1/1_18.jpg","0.0","indoors","ChessPiece_Knight.jpg","old",NA,NA,NA,"",140
"0.175323996265173","323.798319327731","323.798319327731","281.563025210084","singletons","10.0504201680672","maps/google_map_1.png","None","objects/1/1_96.jpg","0.0","indoors","IroningBoard.jpg","old",6,0.998248699994292,221,"['return']",140
"0.175323996265173","323.798319327731","323.798319327731","281.563025210084","singletons","10.0504201680672","maps/google_map_1.png","None","objects/1/1_96.jpg","0.0","indoors","IroningBoard.jpg","old",NA,NA,NA,"",140
"None","None","None","None","None","None","maps/google_map_1.png","None","objects/2/2_62.jpg","None","indoors","PillBottle_Closed.jpg","new",1,2.569787800021,NA,"",140
"3.8591802054155","323.798319327731","233.798319327731","281.563025210084","singletons","221.226890756303","maps/google_map_1.png","None","objects/1/1_90.jpg","0.0","indoors","ShoeLace_Flat.jpg","old",1,0.691689200000837,52,"['return']",140
"3.8591802054155","323.798319327731","233.798319327731","281.563025210084","singletons","221.226890756303","maps/google_map_1.png","None","objects/1/1_90.jpg","0.0","indoors","ShoeLace_Flat.jpg","old",NA,NA,NA,"",140
"3.74174253598846","233.798319327731","323.798319327731","143.798319327731","low","214.494795056663","maps/google_map_1.png","19.3035242710679","objects/1/1_14.jpg","0.0","outdoors","Bird_Peacock.jpg","old",6,1.54125660000136,271,"['return']",140
"3.74174253598846","233.798319327731","323.798319327731","143.798319327731","low","214.494795056663","maps/google_map_1.png","19.3035242710679","objects/1/1_14.jpg","0.0","outdoors","Bird_Peacock.jpg","old",NA,NA,NA,"",140
"3.50235130176293","233.798319327731","323.798319327731","143.798319327731","low","200.771730674308","maps/google_map_1.png","33.0265886534231","objects/1/1_62.jpg","0.0","indoors","RecorderCassette.jpg","old",3,2.12536659999751,46,"['return']",140
"3.50235130176293","233.798319327731","323.798319327731","143.798319327731","low","200.771730674308","maps/google_map_1.png","33.0265886534231","objects/1/1_62.jpg","0.0","indoors","RecorderCassette.jpg","old",NA,NA,NA,"",140
"6.06082312560387","323.798319327731","53.7983193277311","233.798319327731","low","347.435720576018","maps/google_map_1.png","23.6374012482869","objects/1/1_12.jpg","0.0","indoors","PhoneCase.jpg","old",6,0.967625000048429,191,"['return']",140
"6.06082312560387","323.798319327731","53.7983193277311","233.798319327731","low","347.435720576018","maps/google_map_1.png","23.6374012482869","objects/1/1_12.jpg","0.0","indoors","PhoneCase.jpg","old",NA,NA,NA,"",140
"0.77580013168774","233.798319327731","323.798319327731","143.798319327731","high","44.4726190139469","maps/google_map_1.png","170.674299686216","objects/1/1_34.jpg","0.0","indoors","Ruler_Wooden.jpg","old",6,1.04646909999428,92,"['return']",140
"0.77580013168774","233.798319327731","323.798319327731","143.798319327731","high","44.4726190139469","maps/google_map_1.png","170.674299686216","objects/1/1_34.jpg","0.0","indoors","Ruler_Wooden.jpg","old",NA,NA,NA,"",140
"1.70149299719888","323.798319327731","233.798319327731","344.915966386555","singletons","97.5378151260504","maps/google_map_1.png","None","objects/1/1_142.jpg","0.0","outdoors","Cannon.jpg","old",6,0.992624300008174,145,"['return']",140
"1.70149299719888","323.798319327731","233.798319327731","344.915966386555","singletons","97.5378151260504","maps/google_map_1.png","None","objects/1/1_142.jpg","0.0","outdoors","Cannon.jpg","old",NA,NA,NA,"",140
"6.20527729466285","323.798319327731","53.7983193277311","233.798319327731","low","355.716532815068","maps/google_map_1.png","31.9182134873366","objects/1/1_10.jpg","0.0","outdoors","Fish_Rockbass.jpg","old",6,1.08380159997614,39,"['return']",140
"6.20527729466285","323.798319327731","53.7983193277311","233.798319327731","low","355.716532815068","maps/google_map_1.png","31.9182134873366","objects/1/1_10.jpg","0.0","outdoors","Fish_Rockbass.jpg","old",NA,NA,NA,"",140
"None","None","None","None","None","None","maps/google_map_1.png","None","objects/2/2_48.jpg","None","outdoors","Toy_SeeSaw.jpg","new",4,2.53435209998861,NA,"",140
"None","None","None","None","None","None","maps/google_map_1.png","None","objects/2/2_140.jpg","None","outdoors","Mask_Gas.jpg","new",2,4.80076069995994,NA,"",140
"None","None","None","None","None","None","maps/google_map_1.png","None","objects/2/2_51.jpg","None","indoors","Pants.jpg","new",2,0.885282100003678,NA,"",140
"1.39112057462599","323.798319327731","53.7983193277311","233.798319327731","medium","79.7457654244196","maps/google_map_1.png","115.947446096689","objects/1/1_58.jpg","0.0","outdoors","Cloud.jpg","old",6,4.94202640000731,114,"['return']",140
"1.39112057462599","323.798319327731","53.7983193277311","233.798319327731","medium","79.7457654244196","maps/google_map_1.png","115.947446096689","objects/1/1_58.jpg","0.0","outdoors","Cloud.jpg","old",NA,NA,NA,"",140
"None","None","None","None","None","None","maps/google_map_1.png","None","objects/2/2_25.jpg","None","indoors","Loofa.jpg","new",1,1.08775609999429,NA,"",140
"5.84061080574984","323.798319327731","53.7983193277311","233.798319327731","low","334.812084406042","maps/google_map_1.png","11.0137650783108","objects/1/1_136.jpg","0.0","outdoors","Bus_School.jpg","old",6,0.736682599992491,197,"['return']",140
"5.84061080574984","323.798319327731","53.7983193277311","233.798319327731","low","334.812084406042","maps/google_map_1.png","11.0137650783108","objects/1/1_136.jpg","0.0","outdoors","Bus_School.jpg","old",NA,NA,NA,"",140
"6.17474696545285","233.798319327731","233.798319327731","124.689075630252","singletons","353.966386554622","maps/google_map_1.png","None","objects/1/1_138.jpg","0.0","indoors","Napkin_Single.jpg","old",6,1.55340780003462,295,"['return']",140
"6.17474696545285","233.798319327731","233.798319327731","124.689075630252","singletons","353.966386554622","maps/google_map_1.png","None","objects/1/1_138.jpg","0.0","indoors","Napkin_Single.jpg","old",NA,NA,NA,"",140
"None","None","None","None","None","None","maps/google_map_1.png","None","objects/2/2_130.jpg","None","indoors","Radio_Vintage.jpg","new",1,0.940791500033811,NA,"",140
"1.06997478991597","233.798319327731","143.798319327731","185.025210084034","singletons","61.3361344537815","maps/google_map_1.png","None","objects/1/1_104.jpg","0.0","indoors","Desk_Office.jpg","old",6,1.47011769999517,81,"['return']",140
"1.06997478991597","233.798319327731","143.798319327731","185.025210084034","singletons","61.3361344537815","maps/google_map_1.png","None","objects/1/1_104.jpg","0.0","indoors","Desk_Office.jpg","old",NA,NA,NA,"",140
"1.40597658775545","323.798319327731","53.7983193277311","233.798319327731","medium","80.597384011459","maps/google_map_1.png","116.799064683728","objects/1/1_109.jpg","0.0","outdoors","Camel_Dromedary.jpg","old",6,1.29846110002836,174,"['return']",140
"1.40597658775545","323.798319327731","53.7983193277311","233.798319327731","medium","80.597384011459","maps/google_map_1.png","116.799064683728","objects/1/1_109.jpg","0.0","outdoors","Camel_Dromedary.jpg","old",NA,NA,NA,"",140
"None","None","None","None","None","None","maps/google_map_1.png","None","objects/2/2_46.jpg","None","indoors","Blanket.jpg","new",1,1.79009979998227,NA,"",140
"1.66851553783318","323.798319327731","53.7983193277311","233.798319327731","medium","95.6473875190992","maps/google_map_1.png","131.849068191368","objects/1/1_127.jpg","0.0","outdoors","FireHydrant.jpg","old",6,0.770016200025566,119,"['return']",140
"1.66851553783318","323.798319327731","53.7983193277311","233.798319327731","medium","95.6473875190992","maps/google_map_1.png","131.849068191368","objects/1/1_127.jpg","0.0","outdoors","FireHydrant.jpg","old",NA,NA,NA,"",140
"6.21985472919174","323.798319327731","53.7983193277311","233.798319327731","low","356.552181928189","maps/google_map_1.png","32.7538626004576","objects/1/1_116.jpg","0.0","outdoors","BicycleWheel.jpg","old",6,1.15734609996434,40,"['return']",140
"6.21985472919174","323.798319327731","53.7983193277311","233.798319327731","low","356.552181928189","maps/google_map_1.png","32.7538626004576","objects/1/1_116.jpg","0.0","outdoors","BicycleWheel.jpg","old",NA,NA,NA,"",140
"None","None","None","None","None","None","maps/google_map_1.png","None","objects/2/2_138.jpg","None","outdoors","TreeHouse.jpg","new",1,0.905840899969917,NA,"",140
"None","None","None","None","None","None","maps/google_map_1.png","None","objects/2/2_67.jpg","None","indoors","Thermostat.jpg","new",1,0.711340000038035,NA,"",140
"None","None","None","None","None","None","maps/google_map_1.png","None","objects/2/2_98.jpg","None","outdoors","Bird_Tern.jpg","new",1,0.558368100028019,NA,"",140
"5.78478901153927","233.798319327731","323.798319327731","143.798319327731","medium","331.612108941742","maps/google_map_1.png","97.8137896140106","objects/1/1_6.jpg","0.0","outdoors","Bird_Parrot.jpg","old",6,0.854161900002509,348,"['return']",140
"5.78478901153927","233.798319327731","323.798319327731","143.798319327731","medium","331.612108941742","maps/google_map_1.png","97.8137896140106","objects/1/1_6.jpg","0.0","outdoors","Bird_Parrot.jpg","old",NA,NA,NA,"",140
"None","None","None","None","None","None","maps/google_map_1.png","None","objects/2/2_61.jpg","None","outdoors","Caterpillar.jpg","new",1,0.647317000024486,NA,"",140
"None","None","None","None","None","None","maps/google_map_1.png","None","objects/2/2_85.jpg","None","indoors","Brush_Cleaning.jpg","new",1,1.20654580002883,NA,"",140
"None","None","None","None","None","None","maps/google_map_1.png","None","objects/2/2_3.jpg","None","indoors","Dreidel.jpg","new",1,0.967071800027043,NA,"",140
"3.00276197501722","323.798319327731","53.7983193277311","233.798319327731","high","172.132852071051","maps/google_map_1.png","151.66546725668","objects/1/1_99.jpg","0.0","indoors","Toy_DollHomeMade.jpg","old",1,0.499216100026388,185,"['return']",140
"3.00276197501722","323.798319327731","53.7983193277311","233.798319327731","high","172.132852071051","maps/google_map_1.png","151.66546725668","objects/1/1_99.jpg","0.0","indoors","Toy_DollHomeMade.jpg","old",NA,NA,NA,"",140
"None","None","None","None","None","None","maps/google_map_1.png","None","objects/2/2_1.jpg","None","indoors","Cast.jpg","new",1,1.18775979999918,NA,"",140
"0.455730091226598","233.798319327731","323.798319327731","143.798319327731","high","26.1246549110789","maps/google_map_1.png","152.326335583348","objects/1/1_23.jpg","0.0","indoors","Stethoscope.jpg","old",6,1.06659409997519,286,"['return']",140
"0.455730091226598","233.798319327731","323.798319327731","143.798319327731","high","26.1246549110789","maps/google_map_1.png","152.326335583348","objects/1/1_23.jpg","0.0","indoors","Stethoscope.jpg","old",NA,NA,NA,"",140
"2.4737455786954","323.798319327731","53.7983193277311","233.798319327731","high","141.807071390182","maps/google_map_1.png","178.008752062451","objects/1/1_83.jpg","0.0","outdoors","Swing_Child.jpg","old",3,1.70401900005527,79,"['return']",140
"2.4737455786954","323.798319327731","53.7983193277311","233.798319327731","high","141.807071390182","maps/google_map_1.png","178.008752062451","objects/1/1_83.jpg","0.0","outdoors","Swing_Child.jpg","old",NA,NA,NA,"",140
"0.944461596494386","323.798319327731","53.7983193277311","233.798319327731","medium","54.1411106270667","maps/google_map_1.png","90.3427912993356","objects/1/1_31.jpg","0.0","indoors","RugRoled.jpg","old",2,4.99105650000274,84,"['return']",140
"0.944461596494386","323.798319327731","53.7983193277311","233.798319327731","medium","54.1411106270667","maps/google_map_1.png","90.3427912993356","objects/1/1_31.jpg","0.0","indoors","RugRoled.jpg","old",NA,NA,NA,"",140
"None","None","None","None","None","None","maps/google_map_1.png","None","objects/2/2_14.jpg","None","indoors","Microscope.jpg","new",1,3.58899790002033,NA,"",140
"None","None","None","None","None","None","maps/google_map_1.png","None","objects/2/2_92.jpg","None","indoors","Ladle.jpg","new",1,1.28234330000123,NA,"",140
"None","None","None","None","None","None","maps/google_map_1.png","None","objects/2/2_39.jpg","None","outdoors","Flags_CheckeredRacing.jpg","new",1,1.43946559994947,NA,"",140
"","","","","","","","","","","","","",NA,NA,NA,"",140
