"list","radians","center","pos_1","pos_2","type","trial_type","degrees","human_manmade","cat_obj","old_new","key1","key2","response","map_file","PE","sequence","object","isFiller","key_resp.keys","key_resp2.keys","stimulus","truck","natural_manmade_resp.corr","natural_manmade_resp.keys","participant","handedness","conf_resp.keys","phase","key_resp_5.keys","age","gender"
"","","","","","","","","","","",NA,NA,NA,"","","","","","","","","",NA,"","20","r",NA,"","",23,"m"
"","","","","","","","","","","",NA,NA,NA,"","","","","","","","","",NA,"","20","r",NA,"","",23,"m"
"","","","","","","","","","","",NA,NA,NA,"","","","","","","","","",NA,"","20","r",NA,"","",23,"m"
"","","","","","","","","","","",NA,NA,NA,"","","","","","","","","",NA,"","20","r",NA,"","",23,"m"
"","","","","","","","","","","",NA,NA,NA,"","","","","","","","","",NA,"","20","r",NA,"","",23,"m"
"","","","","","","","","","","",NA,NA,NA,"","","","","","","","","",NA,"","20","r",NA,"","",23,"m"
"","","","","","","","","","","",NA,NA,NA,"","","","","","","","","",NA,"","20","r",NA,"","",23,"m"
"","","","","","","","","","","",NA,NA,NA,"","","","","","","","","",NA,"","20","r",NA,"","",23,"m"
"","","","","","","","","","","",NA,NA,NA,"","","","","","","","","",NA,"","20","r",NA,"","",23,"m"
"","","","","","","","","","","",NA,NA,NA,"","","","","","","","","",NA,"","20","r",NA,"","",23,"m"
"","4.926475400941","265.218487394958","355.218487394958","175.218487394958","practice","target","282.409417888337","human-made","1","",1,0,NA,"practice_map.png","","","objects/1/1_55.jpg","None","None","None","None","truck_1.png",NA,"","20","r",NA,"","",23,"m"
"","5.03799643310889","265.218487394958","355.218487394958","175.218487394958","practice","target","288.802343299236","human-made","0","",0,0,NA,"practice_map.png","","","objects/1/1_19.jpg","None","None","None","None","truck_1.png",NA,"","20","r",NA,"","",23,"m"
"","4.59221260010481","265.218487394958","355.218487394958","175.218487394958","practice","target","263.247856056964","natural","1","",1,0,NA,"practice_map.png","","","objects/1/1_33.jpg","None","None","None","None","truck_1.png",NA,"","20","r",NA,"","",23,"m"
"","4.64442690775435","265.218487394958","355.218487394958","175.218487394958","practice","truck_det","266.241032928594","human-made","0","",0,0,NA,"practice_map.png","","","objects/2/2_45.jpg","None","None","space","None","truck_6.png",NA,"","20","r",NA,"","",23,"m"
"","4.83400731439604","265.218487394958","355.218487394958","175.218487394958","practice","target","277.108699551365","human-made","1","",0,0,NA,"practice_map.png","","","objects/2/2_37.jpg","None","None","None","None","truck_1.png",NA,"","20","r",NA,"","",23,"m"
"","5.19601563273492","265.218487394958","355.218487394958","175.218487394958","practice","truck_det","297.860768755505","natural","0","",1,1,NA,"practice_map.png","","","objects/1/1_31.jpg","None","None","None","None","truck_3.png",NA,"","20","r",NA,"","",23,"m"
"","5.31731968171174","265.218487394958","355.218487394958","175.218487394958","practice","target","304.81450404717","human-made","0","",1,0,NA,"practice_map.png","","","objects/2/2_36.jpg","None","space","None","None","truck_1.png",NA,"","20","r",NA,"","",23,"m"
"","4.20141859673211","265.218487394958","355.218487394958","175.218487394958","practice","target","240.845652041968","human-made","1","",0,0,NA,"practice_map.png","","","objects/2/2_93.jpg","None","None","None","None","truck_1.png",NA,"","20","r",NA,"","",23,"m"
"","4.51149153090236","265.218487394958","355.218487394958","175.218487394958","practice","truck_det","258.620533618606","natural","0","",0,1,NA,"practice_map.png","","","objects/1/1_120.jpg","None","None","None","None","truck_6.png",NA,"","20","r",NA,"","",23,"m"
"","4.47632967984677","265.218487394958","355.218487394958","175.218487394958","practice","target","256.604886105866","human-made","0","",1,0,NA,"practice_map.png","","","objects/1/1_37.jpg","None","None","None","None","truck_1.png",NA,"","20","r",NA,"","",23,"m"
"","","","","","","","","","","",NA,NA,NA,"","","","","","","","","",NA,"","20","r",NA,"","",23,"m"
"","","","","","","","","","","",NA,NA,NA,"","","","","","","","","",NA,"","20","r",NA,"","",23,"m"
"","","","","","","","","","","",NA,NA,NA,"","","","","","","","","",NA,"","20","r",NA,"","",23,"m"
"","","","","","","","","","","",NA,NA,NA,"","","","","","","","","",NA,"","20","r",NA,"","",23,"m"
"","","","","","","","","","","",NA,NA,NA,"","","","","","","","","",NA,"","20","r",NA,"","",23,"m"
"","4.926475400941","265.218487394958","355.218487394958","175.218487394958","practice","target","282.409417888337","human-made","1","",0,0,NA,"practice_map.png","","","objects/1/1_55.jpg","None","None","None","None","truck_1.png",0,"None","20","r",NA,"","",23,"m"
"","4.926475400941","265.218487394958","355.218487394958","175.218487394958","practice","target","282.409417888337","human-made","1","",NA,NA,NA,"practice_map.png","","","objects/1/1_55.jpg","None","","","None","truck_1.png",NA,"","20","r",NA,"","",23,"m"
"","5.03799643310889","265.218487394958","355.218487394958","175.218487394958","practice","target","288.802343299236","human-made","0","",0,0,308,"practice_map.png","","","objects/1/1_19.jpg","None","None","None","None","truck_1.png",NA,"","20","r",NA,"","['space']",23,"m"
"","5.03799643310889","265.218487394958","355.218487394958","175.218487394958","practice","target","288.802343299236","human-made","0","",NA,NA,NA,"practice_map.png","","","objects/1/1_19.jpg","None","","","None","truck_1.png",NA,"","20","r",NA,"","",23,"m"
"","4.59221260010481","265.218487394958","355.218487394958","175.218487394958","practice","target","263.247856056964","natural","1","",0,0,NA,"practice_map.png","","","objects/1/1_33.jpg","None","None","None","None","truck_1.png",0,"a","20","r",NA,"","",23,"m"
"","4.59221260010481","265.218487394958","355.218487394958","175.218487394958","practice","target","263.247856056964","natural","1","",NA,NA,NA,"practice_map.png","","","objects/1/1_33.jpg","None","","","None","truck_1.png",NA,"","20","r",NA,"","",23,"m"
"","4.64442690775435","265.218487394958","355.218487394958","175.218487394958","practice","truck_det","266.241032928594","human-made","0","",0,0,NA,"practice_map.png","","","objects/2/2_45.jpg","None","None","space","None","truck_6.png",NA,"","20","r",NA,"","",23,"m"
"","4.83400731439604","265.218487394958","355.218487394958","175.218487394958","practice","target","277.108699551365","human-made","1","",0,0,NA,"practice_map.png","","","objects/2/2_37.jpg","None","None","None","None","truck_1.png",0,"l","20","r",NA,"","",23,"m"
"","4.83400731439604","265.218487394958","355.218487394958","175.218487394958","practice","target","277.108699551365","human-made","1","",NA,NA,NA,"practice_map.png","","","objects/2/2_37.jpg","None","","","None","truck_1.png",NA,"","20","r",NA,"","",23,"m"
"","5.19601563273492","265.218487394958","355.218487394958","175.218487394958","practice","truck_det","297.860768755505","natural","0","",0,1,NA,"practice_map.png","","","objects/1/1_31.jpg","None","None","space","None","truck_3.png",NA,"","20","r",NA,"","",23,"m"
"","5.31731968171174","265.218487394958","355.218487394958","175.218487394958","practice","target","304.81450404717","human-made","0","",1,0,33,"practice_map.png","","","objects/2/2_36.jpg","None","None","None","None","truck_1.png",NA,"","20","r",NA,"","['space']",23,"m"
"","5.31731968171174","265.218487394958","355.218487394958","175.218487394958","practice","target","304.81450404717","human-made","0","",NA,NA,NA,"practice_map.png","","","objects/2/2_36.jpg","None","","","None","truck_1.png",NA,"","20","r",NA,"","",23,"m"
"","4.20141859673211","265.218487394958","355.218487394958","175.218487394958","practice","target","240.845652041968","human-made","1","",0,0,NA,"practice_map.png","","","objects/2/2_93.jpg","None","None","None","None","truck_1.png",0,"l","20","r",NA,"","",23,"m"
"","4.20141859673211","265.218487394958","355.218487394958","175.218487394958","practice","target","240.845652041968","human-made","1","",NA,NA,NA,"practice_map.png","","","objects/2/2_93.jpg","None","","","None","truck_1.png",NA,"","20","r",NA,"","",23,"m"
"","4.51149153090236","265.218487394958","355.218487394958","175.218487394958","practice","truck_det","258.620533618606","natural","0","",0,0,NA,"practice_map.png","","","objects/1/1_120.jpg","None","None","space","None","truck_6.png",NA,"","20","r",NA,"","",23,"m"
"","4.47632967984677","265.218487394958","355.218487394958","175.218487394958","practice","target","256.604886105866","human-made","0","",0,0,233,"practice_map.png","","","objects/1/1_37.jpg","None","None","None","None","truck_1.png",NA,"","20","r",NA,"","['space']",23,"m"
"","4.47632967984677","265.218487394958","355.218487394958","175.218487394958","practice","target","256.604886105866","human-made","0","",NA,NA,NA,"practice_map.png","","","objects/1/1_37.jpg","None","","","None","truck_1.png",NA,"","20","r",NA,"","",23,"m"
"","","","","","","","","","","",NA,NA,NA,"","","","","","","","","",NA,"","20","r",NA,"","",23,"m"
"","","","","","","","","","","",NA,NA,NA,"","","","","","","","","",NA,"","20","r",NA,"","",23,"m"
"","","","","","","","","","","",NA,NA,NA,"","","","","","","","","",NA,"","20","r",NA,"","",23,"m"
"lists/20/stimuli_position_map_1_seq_1.csv","0.925343188127416","40.218487394958","130.218487394958","310.218487394958","low","first7","53.0451509117627","human-made","0","",0,0,NA,"google_map_2.png","12.8266635168047","1","objects/1/1_111.jpg","1.0","None","None","Tripod.jpg","truck_1.png",NA,"","20","r",NA,"encoding","",23,"m"
"lists/20/stimuli_position_map_1_seq_1.csv","1.21958311990678","40.218487394958","130.218487394958","310.218487394958","low","first7","69.9124081475225","human-made","1","",1,0,NA,"google_map_2.png","29.6939207525645","1","objects/2/2_3.jpg","1.0","None","None","Toy_SeeSaw.jpg","truck_1.png",0,"l","20","r",NA,"encoding","",23,"m"
"lists/20/stimuli_position_map_1_seq_1.csv","1.21958311990678","40.218487394958","130.218487394958","310.218487394958","low","first7","69.9124081475225","human-made","1","",NA,NA,NA,"google_map_2.png","29.6939207525645","1","objects/2/2_3.jpg","1.0","","","Toy_SeeSaw.jpg","truck_1.png",NA,"","20","r",NA,"encoding","",23,"m"
"lists/20/stimuli_position_map_1_seq_1.csv","0.45701292814187","40.218487394958","130.218487394958","310.218487394958","low","first7","26.1981933329735","human-made","1","",0,0,NA,"google_map_2.png","14.0202940619845","1","objects/2/2_71.jpg","1.0","None","None","Ball_Football.jpg","truck_1.png",0,"l","20","r",NA,"encoding","",23,"m"
"lists/20/stimuli_position_map_1_seq_1.csv","0.45701292814187","40.218487394958","130.218487394958","310.218487394958","low","first7","26.1981933329735","human-made","1","",NA,NA,NA,"google_map_2.png","14.0202940619845","1","objects/2/2_71.jpg","1.0","","","Ball_Football.jpg","truck_1.png",NA,"","20","r",NA,"encoding","",23,"m"
"lists/20/stimuli_position_map_1_seq_1.csv","0.098502668573868","40.218487394958","130.218487394958","310.218487394958","low","first7","5.64664979085868","natural","0","",0,0,NA,"google_map_2.png","34.5718376040993","1","objects/2/2_62.jpg","1.0","None","None","Dog_ChowChow.jpg","truck_1.png",NA,"","20","r",NA,"encoding","",23,"m"
"lists/20/stimuli_position_map_1_seq_1.csv","0.638840481312684","40.218487394958","130.218487394958","310.218487394958","low","first7","36.6214288650583","natural","1","",0,0,NA,"google_map_2.png","3.59705852989964","1","objects/2/2_6.jpg","1.0","None","None","StringBean.jpg","truck_1.png",0,"a","20","r",NA,"encoding","",23,"m"
"lists/20/stimuli_position_map_1_seq_1.csv","0.638840481312684","40.218487394958","130.218487394958","310.218487394958","low","first7","36.6214288650583","natural","1","",NA,NA,NA,"google_map_2.png","3.59705852989964","1","objects/2/2_6.jpg","1.0","","","StringBean.jpg","truck_1.png",NA,"","20","r",NA,"encoding","",23,"m"
"lists/20/stimuli_position_map_1_seq_1.csv","0.856895365482849","40.218487394958","130.218487394958","310.218487394958","low","truck_det","49.1213903779977","None","0","",0,0,NA,"google_map_2.png","8.9029029830397","1","truck_4.png","None","None","space","None","truck_4.png",NA,"","20","r",NA,"encoding","",23,"m"
"lists/20/stimuli_position_map_1_seq_1.csv","0.99943386010102","40.218487394958","130.218487394958","310.218487394958","low","first7","57.2923868847719","human-made","1","",1,0,NA,"google_map_2.png","17.0738994898139","1","objects/1/1_52.jpg","1.0","None","None","Sink_Bathroom.jpg","truck_1.png",0,"l","20","r",NA,"encoding","",23,"m"
"lists/20/stimuli_position_map_1_seq_1.csv","0.99943386010102","40.218487394958","130.218487394958","310.218487394958","low","first7","57.2923868847719","human-made","1","",NA,NA,NA,"google_map_2.png","17.0738994898139","1","objects/1/1_52.jpg","1.0","","","Sink_Bathroom.jpg","truck_1.png",NA,"","20","r",NA,"encoding","",23,"m"
"lists/20/stimuli_position_map_1_seq_1.csv","1.22421259333564","40.218487394958","130.218487394958","310.218487394958","low","first7","70.1777919746546","natural","1","",0,0,NA,"google_map_2.png","29.9593045796966","1","objects/2/2_110.jpg","1.0","None","None","Fish_Rockbass.jpg","truck_1.png",0,"a","20","r",NA,"encoding","",23,"m"
"lists/20/stimuli_position_map_1_seq_1.csv","1.22421259333564","40.218487394958","130.218487394958","310.218487394958","low","first7","70.1777919746546","natural","1","",NA,NA,NA,"google_map_2.png","29.9593045796966","1","objects/2/2_110.jpg","1.0","","","Fish_Rockbass.jpg","truck_1.png",NA,"","20","r",NA,"encoding","",23,"m"
"lists/20/stimuli_position_map_1_seq_1.csv","0.49651021936498","40.218487394958","130.218487394958","310.218487394958","low","target","28.4623692629607","human-made","0","",0,0,NA,"google_map_2.png","11.7561181319973","1","objects/1/1_121.jpg","0.0","None","None","Dreidel.jpg","truck_1.png",NA,"","20","r",NA,"encoding","",23,"m"
"lists/20/stimuli_position_map_1_seq_1.csv","0.368360494317518","40.218487394958","130.218487394958","310.218487394958","low","target","21.1162066806221","natural","0","",0,0,NA,"google_map_2.png","19.1022807143359","1","objects/2/2_19.jpg","1.0","None","None","Earth_Planet.jpg","truck_1.png",NA,"","20","r",NA,"encoding","",23,"m"
"lists/20/stimuli_position_map_1_seq_1.csv","2.88059802095332","40.218487394958","130.218487394958","310.218487394958","medium","target","165.129822857197","human-made","0","",0,0,NA,"google_map_2.png","124.911335462239","1","objects/1/1_63.jpg","0.0","None","None","Level.jpg","truck_1.png",NA,"","20","r",NA,"encoding","",23,"m"
"lists/20/stimuli_position_map_1_seq_1.csv","0.829329343725184","40.218487394958","130.218487394958","310.218487394958","low","truck_det","47.5411725702335","None","0","",0,1,NA,"google_map_2.png","7.3226851752755","1","truck_5.png","None","None","space","None","truck_5.png",NA,"","20","r",NA,"encoding","",23,"m"
"lists/20/stimuli_position_map_1_seq_1.csv","4.46930066462765","40.218487394958","130.218487394958","310.218487394958","high","target","256.2019489277","human-made","0","",1,0,NA,"google_map_2.png","144.016538467258","1","objects/1/1_93.jpg","0.0","None","None","CookieCutter_Tree.jpg","truck_1.png",NA,"","20","r",NA,"encoding","",23,"m"
"lists/20/stimuli_position_map_1_seq_1.csv","0.958721536628493","40.218487394958","130.218487394958","310.218487394958","low","target","54.9585594245633","natural","0","",0,0,47,"google_map_2.png","14.7400720296053","1","objects/2/2_57.jpg","1.0","None","None","Stone_Spa.jpg","truck_1.png",NA,"","20","r",NA,"encoding","['space']",23,"m"
"lists/20/stimuli_position_map_1_seq_1.csv","0.958721536628493","40.218487394958","130.218487394958","310.218487394958","low","target","54.9585594245633","natural","0","",NA,NA,NA,"google_map_2.png","14.7400720296053","1","objects/2/2_57.jpg","1.0","","","Stone_Spa.jpg","truck_1.png",NA,"","20","r",NA,"encoding","",23,"m"
"lists/20/stimuli_position_map_1_seq_1.csv","1.12262664349374","40.218487394958","130.218487394958","310.218487394958","low","target","64.3543935760745","natural","0","",0,0,NA,"google_map_2.png","24.1359061811165","1","objects/1/1_7.jpg","1.0","None","None","Carrot.jpg","truck_1.png",NA,"","20","r",NA,"encoding","",23,"m"
"lists/20/stimuli_position_map_1_seq_1.csv","0.536008444821109","40.218487394958","130.218487394958","310.218487394958","low","target","30.7265987477069","human-made","0","",0,0,33,"google_map_2.png","9.49188864725112","1","objects/2/2_124.jpg","1.0","None","None","PyramidWooden.jpg","truck_1.png",NA,"","20","r",NA,"encoding","['space']",23,"m"
"lists/20/stimuli_position_map_1_seq_1.csv","0.536008444821109","40.218487394958","130.218487394958","310.218487394958","low","target","30.7265987477069","human-made","0","",NA,NA,NA,"google_map_2.png","9.49188864725112","1","objects/2/2_124.jpg","1.0","","","PyramidWooden.jpg","truck_1.png",NA,"","20","r",NA,"encoding","",23,"m"
"lists/20/stimuli_position_map_1_seq_1.csv","1.06997478991597","40.218487394958","40.218487394958","188.042016806723","singletons","singletons","61.3361344537815","natural","0","",0,0,NA,"google_map_2.png","None","1","objects/1/1_98.jpg","0.0","None","None","Toy_DonkeyFur.jpg","truck_1.png",NA,"","20","r",NA,"encoding","",23,"m"
"lists/20/stimuli_position_map_1_seq_1.csv","2.23747055601022","40.218487394958","130.218487394958","310.218487394958","medium","target","128.262643338165","natural","0","",0,0,NA,"google_map_2.png","88.0441559432074","1","objects/1/1_118.jpg","0.0","None","None","Bone.jpg","truck_1.png",NA,"","20","r",NA,"encoding","",23,"m"
"lists/20/stimuli_position_map_1_seq_1.csv","0.761233584451817","40.218487394958","130.218487394958","310.218487394958","low","truck_det","43.6375940131615","None","0","",0,1,NA,"google_map_2.png","3.41910661820348","1","truck_2.png","None","None","space","None","truck_2.png",NA,"","20","r",NA,"encoding","",23,"m"
"lists/20/stimuli_position_map_1_seq_1.csv","5.33272268907563","40.218487394958","40.218487394958","335.865546218487","singletons","singletons","305.697478991597","natural","0","",1,0,NA,"google_map_2.png","None","1","objects/1/1_100.jpg","0.0","None","None","Kangaroo.jpg","truck_1.png",NA,"","20","r",NA,"encoding","",23,"m"
"lists/20/stimuli_position_map_1_seq_1.csv","0.432725001521451","40.218487394958","130.218487394958","310.218487394958","low","target","24.8058918069622","natural","1","",0,0,NA,"google_map_2.png","15.4125955879958","1","objects/1/1_33.jpg","1.0","None","None","Leaf_Clover.jpg","truck_1.png",0,"a","20","r",NA,"encoding","",23,"m"
"lists/20/stimuli_position_map_1_seq_1.csv","0.432725001521451","40.218487394958","130.218487394958","310.218487394958","low","target","24.8058918069622","natural","1","",NA,NA,NA,"google_map_2.png","15.4125955879958","1","objects/1/1_33.jpg","1.0","","","Leaf_Clover.jpg","truck_1.png",NA,"","20","r",NA,"encoding","",23,"m"
"lists/20/stimuli_position_map_1_seq_1.csv","4.15009900271353","40.218487394958","130.218487394958","310.218487394958","high","target","237.903764486763","natural","0","",0,0,NA,"google_map_2.png","162.314722908195","1","objects/1/1_21.jpg","0.0","None","None","Olives.jpg","truck_1.png",NA,"","20","r",NA,"encoding","",23,"m"
"lists/20/stimuli_position_map_1_seq_1.csv","1.56926504519927","40.218487394958","130.218487394958","310.218487394958","medium","target","89.9578688330792","human-made","0","",0,0,NA,"google_map_2.png","49.7393814381212","1","objects/1/1_11.jpg","0.0","None","None","ShoeLace_Flat.jpg","truck_1.png",NA,"","20","r",NA,"encoding","",23,"m"
"lists/20/stimuli_position_map_1_seq_1.csv","0.937041943691866","40.218487394958","130.218487394958","310.218487394958","low","target","53.7157802116356","natural","0","",0,0,NA,"google_map_2.png","13.4972928166777","1","objects/1/1_75.jpg","0.0","None","None","Teardrop.jpg","truck_1.png",NA,"","20","r",NA,"encoding","",23,"m"
"lists/20/stimuli_position_map_1_seq_1.csv","4.1656514190456","40.218487394958","130.218487394958","310.218487394958","high","target","238.795304276499","human-made","0","",0,0,NA,"google_map_2.png","161.423183118459","1","objects/1/1_92.jpg","0.0","None","None","TimerKitchen.jpg","truck_1.png",NA,"","20","r",NA,"encoding","",23,"m"
"lists/20/stimuli_position_map_1_seq_1.csv","0.233450832212904","40.218487394958","130.218487394958","310.218487394958","low","truck_det","13.3825317829053","None","0","",0,0,NA,"google_map_2.png","26.8359556120527","1","truck_6.png","None","None","space","None","truck_6.png",NA,"","20","r",NA,"encoding","",23,"m"
"lists/20/stimuli_position_map_1_seq_1.csv","2.17513165266106","40.218487394958","310.218487394958","7.03361344537815","singletons","singletons","124.689075630252","human-made","0","",1,0,NA,"google_map_2.png","None","1","objects/1/1_66.jpg","0.0","None","None","PhoneCase.jpg","truck_1.png",NA,"","20","r",NA,"encoding","",23,"m"
"lists/20/stimuli_position_map_1_seq_1.csv","4.59595144724556","40.218487394958","310.218487394958","154.857142857143","singletons","singletons","263.46218487395","human-made","0","",0,0,NA,"google_map_2.png","None","1","objects/1/1_23.jpg","0.0","None","None","Helmet_Construction.jpg","truck_1.png",NA,"","20","r",NA,"encoding","",23,"m"
"lists/20/stimuli_position_map_1_seq_1.csv","3.83977791913478","40.218487394958","130.218487394958","310.218487394958","high","target","220.114657784796","human-made","0","",0,0,NA,"google_map_2.png","179.896170389839","1","objects/1/1_110.jpg","0.0","None","None","Stapler_Regular.jpg","truck_1.png",NA,"","20","r",NA,"encoding","",23,"m"
"lists/20/stimuli_position_map_1_seq_1.csv","4.30972012191704","40.218487394958","130.218487394958","310.218487394958","high","target","247.054019727728","natural","0","",0,0,NA,"google_map_2.png","153.16446766723","1","objects/1/1_58.jpg","0.0","None","None","Leg.jpg","truck_1.png",NA,"","20","r",NA,"encoding","",23,"m"
"lists/20/stimuli_position_map_1_seq_1.csv","0.728021990256436","40.218487394958","130.218487394958","310.218487394958","low","truck_det","41.7337446643817","None","0","",0,0,NA,"google_map_2.png","1.5152572694237","1","truck_6.png","None","None","space","None","truck_6.png",NA,"","20","r",NA,"encoding","",23,"m"
"lists/20/stimuli_position_map_1_seq_1.csv","2.51621853358737","40.218487394958","130.218487394958","310.218487394958","medium","target","144.241826766155","natural","0","",1,0,NA,"google_map_2.png","104.023339371197","1","objects/1/1_40.jpg","0.0","None","None","Flower_Daisy.jpg","truck_1.png",NA,"","20","r",NA,"encoding","",23,"m"
"lists/20/stimuli_position_map_1_seq_1.csv","1.96009311479442","40.218487394958","130.218487394958","310.218487394958","medium","target","112.362025688852","human-made","0","",0,0,NA,"google_map_2.png","72.1435382938944","1","objects/1/1_80.jpg","0.0","None","None","Vase_Decorative.jpg","truck_1.png",NA,"","20","r",NA,"encoding","",23,"m"
"lists/20/stimuli_position_map_1_seq_1.csv","4.02652191785556","40.218487394958","130.218487394958","310.218487394958","high","target","230.819727775159","natural","0","",0,0,NA,"google_map_2.png","169.398759619799","1","objects/1/1_6.jpg","0.0","None","None","Hand.jpg","truck_1.png",NA,"","20","r",NA,"encoding","",23,"m"
"lists/20/stimuli_position_map_1_seq_1.csv","1.01868532209198","40.218487394958","130.218487394958","310.218487394958","low","target","58.3959738778843","natural","0","",0,0,NA,"google_map_2.png","18.1774864829263","1","objects/1/1_60.jpg","0.0","None","None","Flower_Tulip.jpg","truck_1.png",NA,"","20","r",NA,"encoding","",23,"m"
"lists/20/stimuli_position_map_1_seq_1.csv","0.199246901216355","40.218487394958","130.218487394958","310.218487394958","low","target","11.421796885014","natural","0","",0,0,NA,"google_map_2.png","28.796690509944","1","objects/1/1_49.jpg","0.0","None","None","Plum.jpg","truck_1.png",NA,"","20","r",NA,"encoding","",23,"m"
"lists/20/stimuli_position_map_1_seq_1.csv","0.185438342557827","40.218487394958","130.218487394958","310.218487394958","low","target","10.6302234587289","natural","0","",0,0,NA,"google_map_2.png","29.588263936229","1","objects/1/1_71.jpg","0.0","None","None","Flower_Orchid.jpg","truck_1.png",NA,"","20","r",NA,"encoding","",23,"m"
"lists/20/stimuli_position_map_1_seq_1.csv","0.243644172696544","40.218487394958","130.218487394958","310.218487394958","low","truck_det","13.9668634029866","None","0","",0,1,NA,"google_map_2.png","26.2516239919714","1","truck_3.png","None","None","space","None","truck_3.png",NA,"","20","r",NA,"encoding","",23,"m"
"lists/20/stimuli_position_map_1_seq_1.csv","0.0866242899937986","40.218487394958","130.218487394958","310.218487394958","low","target","4.96572363021775","human-made","0","",1,0,NA,"google_map_2.png","35.2527637647402","1","objects/1/1_65.jpg","0.0","None","None","Hanger.jpg","truck_1.png",NA,"","20","r",NA,"encoding","",23,"m"
"lists/20/stimuli_position_map_1_seq_1.csv","2.38563772175537","40.218487394958","40.218487394958","16.0840336134454","singletons","singletons","136.756302521008","human-made","0","",0,0,NA,"google_map_2.png","None","1","objects/1/1_34.jpg","0.0","None","None","Pencil.jpg","truck_1.png",NA,"","20","r",NA,"encoding","",23,"m"
"lists/20/stimuli_position_map_1_seq_1.csv","0.685111597200045","40.218487394958","130.218487394958","310.218487394958","low","target","39.2739132152892","natural","0","",0,0,29,"google_map_2.png","0.944574179668783","1","objects/2/2_70.jpg","1.0","None","None","Fish_Swordfish.jpg","truck_1.png",NA,"","20","r",NA,"encoding","['space']",23,"m"
"lists/20/stimuli_position_map_1_seq_1.csv","0.685111597200045","40.218487394958","130.218487394958","310.218487394958","low","target","39.2739132152892","natural","0","",NA,NA,NA,"google_map_2.png","0.944574179668783","1","objects/2/2_70.jpg","1.0","","","Fish_Swordfish.jpg","truck_1.png",NA,"","20","r",NA,"encoding","",23,"m"
"lists/20/stimuli_position_map_1_seq_1.csv","1.10566957311531","40.218487394958","130.218487394958","310.218487394958","low","target","63.3823322168013","human-made","1","",0,0,NA,"google_map_2.png","23.1638448218433","1","objects/2/2_126.jpg","1.0","None","None","Gloves_WhiteKnit.jpg","truck_1.png",0,"l","20","r",NA,"encoding","",23,"m"
"lists/20/stimuli_position_map_1_seq_1.csv","1.10566957311531","40.218487394958","130.218487394958","310.218487394958","low","target","63.3823322168013","human-made","1","",NA,NA,NA,"google_map_2.png","23.1638448218433","1","objects/2/2_126.jpg","1.0","","","Gloves_WhiteKnit.jpg","truck_1.png",NA,"","20","r",NA,"encoding","",23,"m"
"lists/20/stimuli_position_map_1_seq_1.csv","2.28038468720822","40.218487394958","220.218487394958","7.03361344537815","singletons","singletons","130.72268907563","natural","0","",0,0,NA,"google_map_2.png","None","1","objects/1/1_62.jpg","0.0","None","None","Cantaloupe.jpg","truck_1.png",NA,"","20","r",NA,"encoding","",23,"m"
"lists/20/stimuli_position_map_1_seq_1.csv","2.87624777041767","40.218487394958","130.218487394958","310.218487394958","medium","target","164.880445437956","natural","0","",0,0,NA,"google_map_2.png","124.661958042998","1","objects/1/1_72.jpg","0.0","None","None","Ferret.jpg","truck_1.png",NA,"","20","r",NA,"encoding","",23,"m"
"lists/20/stimuli_position_map_1_seq_1.csv","","","","","","","","","","",NA,NA,NA,"","","","","","","","","",NA,"","20","r",NA,"","",23,"m"
"lists/20/stimuli_position_map_1_seq_2.csv","2.32552390511398","130.218487394958","220.218487394958","40.218487394958","low","first7","133.310287554304","human-made","0","",1,0,NA,"google_map_2.png","3.09180015934648","2","objects/1/1_29.jpg","1.0","None","None","Bib.jpg","truck_1.png",NA,"","20","r",NA,"encoding","",23,"m"
"lists/20/stimuli_position_map_1_seq_2.csv","2.08554125279371","130.218487394958","220.218487394958","40.218487394958","low","first7","119.553320223843","natural","1","",0,0,NA,"google_map_2.png","10.6651671711145","2","objects/2/2_18.jpg","1.0","None","None","Caribou.jpg","truck_1.png",0,"a","20","r",NA,"encoding","",23,"m"
"lists/20/stimuli_position_map_1_seq_2.csv","2.08554125279371","130.218487394958","220.218487394958","40.218487394958","low","first7","119.553320223843","natural","1","",NA,NA,NA,"google_map_2.png","10.6651671711145","2","objects/2/2_18.jpg","1.0","","","Caribou.jpg","truck_1.png",NA,"","20","r",NA,"encoding","",23,"m"
"lists/20/stimuli_position_map_1_seq_2.csv","2.30508169428012","130.218487394958","220.218487394958","40.218487394958","low","first7","132.138441073383","human-made","0","",0,0,NA,"google_map_2.png","1.91995367842481","2","objects/2/2_119.jpg","1.0","None","None","Flask_Metal.jpg","truck_1.png",NA,"","20","r",NA,"encoding","",23,"m"
"lists/20/stimuli_position_map_1_seq_2.csv","2.49036446429025","130.218487394958","220.218487394958","40.218487394958","low","first7","142.759746360587","human-made","0","",0,0,NA,"google_map_2.png","12.5412589656293","2","objects/1/1_55.jpg","1.0","None","None","Plate_Ceramic.jpg","truck_1.png",NA,"","20","r",NA,"encoding","",23,"m"
"lists/20/stimuli_position_map_1_seq_2.csv","1.98028338450999","130.218487394958","220.218487394958","40.218487394958","low","truck_det","113.519429685286","None","0","",0,0,NA,"google_map_2.png","16.699057709672","2","truck_2.png","None","None","space","None","truck_2.png",NA,"","20","r",NA,"encoding","",23,"m"
"lists/20/stimuli_position_map_1_seq_2.csv","2.13716816398927","130.218487394958","220.218487394958","40.218487394958","low","first7","122.512824687283","natural","1","",1,0,NA,"google_map_2.png","7.7056627076751","2","objects/1/1_67.jpg","1.0","None","None","Hedgehog.jpg","truck_1.png",0,"a","20","r",NA,"encoding","",23,"m"
"lists/20/stimuli_position_map_1_seq_2.csv","2.13716816398927","130.218487394958","220.218487394958","40.218487394958","low","first7","122.512824687283","natural","1","",NA,NA,NA,"google_map_2.png","7.7056627076751","2","objects/1/1_67.jpg","1.0","","","Hedgehog.jpg","truck_1.png",NA,"","20","r",NA,"encoding","",23,"m"
"lists/20/stimuli_position_map_1_seq_2.csv","2.02191433114638","130.218487394958","220.218487394958","40.218487394958","low","first7","115.905917072086","human-made","1","",0,0,NA,"google_map_2.png","14.3125703228724","2","objects/2/2_45.jpg","1.0","None","None","ToothBrush.jpg","truck_1.png",0,"l","20","r",NA,"encoding","",23,"m"
"lists/20/stimuli_position_map_1_seq_2.csv","2.02191433114638","130.218487394958","220.218487394958","40.218487394958","low","first7","115.905917072086","human-made","1","",NA,NA,NA,"google_map_2.png","14.3125703228724","2","objects/2/2_45.jpg","1.0","","","ToothBrush.jpg","truck_1.png",NA,"","20","r",NA,"encoding","",23,"m"
"lists/20/stimuli_position_map_1_seq_2.csv","2.0944485868723","130.218487394958","220.218487394958","40.218487394958","low","first7","120.063931731533","human-made","0","",0,0,129,"google_map_2.png","10.1545556634248","2","objects/1/1_126.jpg","1.0","None","None","RugRoled.jpg","truck_1.png",NA,"","20","r",NA,"encoding","['space']",23,"m"
"lists/20/stimuli_position_map_1_seq_2.csv","2.0944485868723","130.218487394958","220.218487394958","40.218487394958","low","first7","120.063931731533","human-made","0","",NA,NA,NA,"google_map_2.png","10.1545556634248","2","objects/1/1_126.jpg","1.0","","","RugRoled.jpg","truck_1.png",NA,"","20","r",NA,"encoding","",23,"m"
"lists/20/stimuli_position_map_1_seq_2.csv","3.38554154995331","130.218487394958","310.218487394958","203.126050420168","singletons","singletons","194.075630252101","human-made","0","",0,0,NA,"google_map_2.png","None","2","objects/1/1_101.jpg","0.0","None","None","WindowBlinds.jpg","truck_1.png",NA,"","20","r",NA,"encoding","",23,"m"
"lists/20/stimuli_position_map_1_seq_2.csv","2.32235886374769","130.218487394958","220.218487394958","40.218487394958","low","target","133.12885206197","human-made","0","",0,0,NA,"google_map_2.png","2.91036466701169","2","objects/1/1_57.jpg","1.0","None","None","Chest_Toys.jpg","truck_1.png",NA,"","20","r",NA,"encoding","",23,"m"
"lists/20/stimuli_position_map_1_seq_2.csv","1.78586837573518","130.218487394958","220.218487394958","40.218487394958","low","truck_det","102.374620265074","None","0","",0,1,NA,"google_map_2.png","27.8438671298837","2","truck_3.png","None","None","space","None","truck_3.png",NA,"","20","r",NA,"encoding","",23,"m"
"lists/20/stimuli_position_map_1_seq_2.csv","2.40022419770505","130.218487394958","220.218487394958","40.218487394958","low","target","137.592469932137","human-made","0","",1,0,NA,"google_map_2.png","7.37398253717879","2","objects/1/1_28.jpg","0.0","None","None","Plunger.jpg","truck_1.png",NA,"","20","r",NA,"encoding","",23,"m"
"lists/20/stimuli_position_map_1_seq_2.csv","1.95277551346661","130.218487394958","220.218487394958","40.218487394958","low","target","111.942545357958","human-made","1","",0,0,NA,"google_map_2.png","18.2759420369997","2","objects/1/1_91.jpg","1.0","None","None","Desk_Office.jpg","truck_1.png",0,"None","20","r",NA,"encoding","",23,"m"
"lists/20/stimuli_position_map_1_seq_2.csv","1.95277551346661","130.218487394958","220.218487394958","40.218487394958","low","target","111.942545357958","human-made","1","",NA,NA,NA,"google_map_2.png","18.2759420369997","2","objects/1/1_91.jpg","1.0","","","Desk_Office.jpg","truck_1.png",NA,"","20","r",NA,"encoding","",23,"m"
"lists/20/stimuli_position_map_1_seq_2.csv","5.59714882271523","130.218487394958","220.218487394958","40.218487394958","high","target","320.855664996415","human-made","0","",0,0,NA,"google_map_2.png","169.362822398543","2","objects/1/1_82.jpg","0.0","None","None","Chair_Dining.jpg","truck_1.png",NA,"","20","r",NA,"encoding","",23,"m"
"lists/20/stimuli_position_map_1_seq_2.csv","3.89508178836592","130.218487394958","220.218487394958","40.218487394958","medium","target","223.284943282123","natural","0","",0,0,NA,"google_map_2.png","93.0664558871649","2","objects/1/1_86.jpg","0.0","None","None","Potato.jpg","truck_1.png",NA,"","20","r",NA,"encoding","",23,"m"
"lists/20/stimuli_position_map_1_seq_2.csv","4.38544537815126","130.218487394958","130.218487394958","323.798319327731","singletons","singletons","251.394957983193","human-made","0","",0,0,NA,"google_map_2.png","None","2","objects/1/1_25.jpg","0.0","None","None","Candle_Blue.jpg","truck_1.png",NA,"","20","r",NA,"encoding","",23,"m"
"lists/20/stimuli_position_map_1_seq_2.csv","4.22737659476856","130.218487394958","220.218487394958","40.218487394958","medium","target","242.333690145969","natural","0","",0,0,NA,"google_map_2.png","112.115202751011","2","objects/1/1_85.jpg","0.0","None","None","Cougar.jpg","truck_1.png",NA,"","20","r",NA,"encoding","",23,"m"
"lists/20/stimuli_position_map_1_seq_2.csv","2.43529451083197","130.218487394958","220.218487394958","40.218487394958","low","truck_det","139.602870047692","None","0","",0,1,NA,"google_map_2.png","9.38438265273432","2","truck_4.png","None","None","space","None","truck_4.png",NA,"","20","r",NA,"encoding","",23,"m"
"lists/20/stimuli_position_map_1_seq_2.csv","3.260432918383","130.218487394958","220.218487394958","40.218487394958","medium","target","186.903797869089","natural","0","",1,0,NA,"google_map_2.png","56.6853104741312","2","objects/1/1_45.jpg","0.0","None","None","OrangeBlood.jpg","truck_1.png",NA,"","20","r",NA,"encoding","",23,"m"
"lists/20/stimuli_position_map_1_seq_2.csv","0.491083099906629","130.218487394958","310.218487394958","136.756302521008","singletons","singletons","28.1512605042017","human-made","0","",0,0,NA,"google_map_2.png","None","2","objects/1/1_61.jpg","0.0","None","None","Cage_Bird.jpg","truck_1.png",NA,"","20","r",NA,"encoding","",23,"m"
"lists/20/stimuli_position_map_1_seq_2.csv","4.71499639230008","130.218487394958","220.218487394958","40.218487394958","high","target","270.286417392998","natural","0","",0,0,NA,"google_map_2.png","140.06792999804","2","objects/1/1_17.jpg","0.0","None","None","Blueberry.jpg","truck_1.png",NA,"","20","r",NA,"encoding","",23,"m"
"lists/20/stimuli_position_map_1_seq_2.csv","1.95441036366084","130.218487394958","220.218487394958","40.218487394958","low","target","112.036262885016","natural","1","",0,0,NA,"google_map_2.png","18.1822245099416","2","objects/1/1_124.jpg","1.0","None","None","Dill.jpg","truck_1.png",0,"a","20","r",NA,"encoding","",23,"m"
"lists/20/stimuli_position_map_1_seq_2.csv","1.95441036366084","130.218487394958","220.218487394958","40.218487394958","low","target","112.036262885016","natural","1","",NA,NA,NA,"google_map_2.png","18.1822245099416","2","objects/1/1_124.jpg","1.0","","","Dill.jpg","truck_1.png",NA,"","20","r",NA,"encoding","",23,"m"
"lists/20/stimuli_position_map_1_seq_2.csv","2.45806901999312","130.218487394958","220.218487394958","40.218487394958","low","target","140.908415158841","human-made","0","",0,0,NA,"google_map_2.png","10.6899277638831","2","objects/1/1_116.jpg","0.0","None","None","WorldMap.jpg","truck_1.png",NA,"","20","r",NA,"encoding","",23,"m"
"lists/20/stimuli_position_map_1_seq_2.csv","3.66626830858803","130.218487394958","220.218487394958","40.218487394958","medium","target","210.168246989123","human-made","0","",0,0,NA,"google_map_2.png","79.9497595941647","2","objects/1/1_83.jpg","0.0","None","None","HairDryer.jpg","truck_1.png",NA,"","20","r",NA,"encoding","",23,"m"
"lists/20/stimuli_position_map_1_seq_2.csv","2.85969832525216","130.218487394958","220.218487394958","40.218487394958","low","target","163.931751129105","natural","0","",0,0,193,"google_map_2.png","33.7132637341468","2","objects/2/2_67.jpg","1.0","None","None","Eggplant.jpg","truck_1.png",NA,"","20","r",NA,"encoding","['space']",23,"m"
"lists/20/stimuli_position_map_1_seq_2.csv","2.85969832525216","130.218487394958","220.218487394958","40.218487394958","low","target","163.931751129105","natural","0","",NA,NA,NA,"google_map_2.png","33.7132637341468","2","objects/2/2_67.jpg","1.0","","","Eggplant.jpg","truck_1.png",NA,"","20","r",NA,"encoding","",23,"m"
"lists/20/stimuli_position_map_1_seq_2.csv","2.26088899787225","130.218487394958","220.218487394958","40.218487394958","low","truck_det","129.605101788855","None","0","",0,0,NA,"google_map_2.png","0.613385606102798","2","truck_6.png","None","None","space","None","truck_6.png",NA,"","20","r",NA,"encoding","",23,"m"
"lists/20/stimuli_position_map_1_seq_2.csv","2.35691293119114","130.218487394958","220.218487394958","40.218487394958","low","target","135.109658475925","natural","0","",1,0,NA,"google_map_2.png","4.89117108096743","2","objects/1/1_48.jpg","0.0","None","None","Bird_Cardinal.jpg","truck_1.png",NA,"","20","r",NA,"encoding","",23,"m"
"lists/20/stimuli_position_map_1_seq_2.csv","5.32403474183446","130.218487394958","220.218487394958","40.218487394958","high","target","305.199443799428","natural","0","",0,0,NA,"google_map_2.png","174.98095640447","2","objects/1/1_42.jpg","0.0","None","None","Banana.jpg","truck_1.png",NA,"","20","r",NA,"encoding","",23,"m"
"lists/20/stimuli_position_map_1_seq_2.csv","2.33301120448179","130.218487394958","310.218487394958","200.109243697479","singletons","singletons","133.739495798319","human-made","0","",0,0,NA,"google_map_2.png","None","2","objects/1/1_104.jpg","0.0","None","None","Battery_AA.jpg","truck_1.png",NA,"","20","r",NA,"encoding","",23,"m"
"lists/20/stimuli_position_map_1_seq_2.csv","2.36439560200277","130.218487394958","220.218487394958","40.218487394958","low","target","135.538601388694","human-made","0","",0,0,148,"google_map_2.png","5.3201139937357","2","objects/1/1_37.jpg","1.0","None","None","ComputerKeyboard.jpg","truck_1.png",NA,"","20","r",NA,"encoding","['space']",23,"m"
"lists/20/stimuli_position_map_1_seq_2.csv","2.36439560200277","130.218487394958","220.218487394958","40.218487394958","low","target","135.538601388694","human-made","0","",NA,NA,NA,"google_map_2.png","5.3201139937357","2","objects/1/1_37.jpg","1.0","","","ComputerKeyboard.jpg","truck_1.png",NA,"","20","r",NA,"encoding","",23,"m"
"lists/20/stimuli_position_map_1_seq_2.csv","5.65929900085712","130.218487394958","220.218487394958","40.218487394958","high","target","324.418414061873","natural","0","",0,0,NA,"google_map_2.png","165.800073333085","2","objects/1/1_99.jpg","0.0","None","None","Peach.jpg","truck_1.png",NA,"","20","r",NA,"encoding","",23,"m"
"lists/20/stimuli_position_map_1_seq_2.csv","2.18058261651945","130.218487394958","220.218487394958","40.218487394958","low","target","125.001551265446","natural","0","",0,0,NA,"google_map_2.png","5.21693612951155","2","objects/1/1_27.jpg","0.0","None","None","Squash_Butternut.jpg","truck_1.png",NA,"","20","r",NA,"encoding","",23,"m"
"lists/20/stimuli_position_map_1_seq_2.csv","2.44113248010727","130.218487394958","220.218487394958","40.218487394958","low","truck_det","139.937530706786","None","0","",0,0,NA,"google_map_2.png","9.71904331182819","2","truck_2.png","None","None","space","None","truck_2.png",NA,"","20","r",NA,"encoding","",23,"m"
"lists/20/stimuli_position_map_1_seq_2.csv","5.79287355812658","130.218487394958","220.218487394958","40.218487394958","high","target","332.075554287511","human-made","0","",1,0,NA,"google_map_2.png","158.142933107447","2","objects/1/1_76.jpg","0.0","None","None","Binder.jpg","truck_1.png",NA,"","20","r",NA,"encoding","",23,"m"
"lists/20/stimuli_position_map_1_seq_2.csv","1.97711341888371","130.218487394958","220.218487394958","40.218487394958","low","target","113.337711910531","natural","1","",0,0,NA,"google_map_2.png","16.8807754844268","2","objects/2/2_122.jpg","1.0","None","None","TigerWhite.jpg","truck_1.png",0,"a","20","r",NA,"encoding","",23,"m"
"lists/20/stimuli_position_map_1_seq_2.csv","1.97711341888371","130.218487394958","220.218487394958","40.218487394958","low","target","113.337711910531","natural","1","",NA,NA,NA,"google_map_2.png","16.8807754844268","2","objects/2/2_122.jpg","1.0","","","TigerWhite.jpg","truck_1.png",NA,"","20","r",NA,"encoding","",23,"m"
"lists/20/stimuli_position_map_1_seq_2.csv","3.91180672268908","130.218487394958","40.218487394958","16.0840336134454","singletons","singletons","224.243697478992","human-made","0","",0,0,NA,"google_map_2.png","None","2","objects/1/1_38.jpg","0.0","None","None","Bag_Gift.jpg","truck_1.png",NA,"","20","r",NA,"encoding","",23,"m"
"lists/20/stimuli_position_map_1_seq_2.csv","2.42940659160616","130.218487394958","220.218487394958","40.218487394958","low","target","139.26534601564","natural","1","",0,0,NA,"google_map_2.png","9.04685862068172","2","objects/1/1_77.jpg","1.0","None","None","Leaf_Yellow.jpg","truck_1.png",0,"a","20","r",NA,"encoding","",23,"m"
"lists/20/stimuli_position_map_1_seq_2.csv","2.42940659160616","130.218487394958","220.218487394958","40.218487394958","low","target","139.26534601564","natural","1","",NA,NA,NA,"google_map_2.png","9.04685862068172","2","objects/1/1_77.jpg","1.0","","","Leaf_Yellow.jpg","truck_1.png",NA,"","20","r",NA,"encoding","",23,"m"
"lists/20/stimuli_position_map_1_seq_2.csv","4.28019234360411","130.218487394958","40.218487394958","160.890756302521","singletons","singletons","245.361344537815","natural","0","",0,0,NA,"google_map_2.png","None","2","objects/1/1_59.jpg","0.0","None","None","Stingray.jpg","truck_1.png",NA,"","20","r",NA,"encoding","",23,"m"
"lists/20/stimuli_position_map_1_seq_2.csv","2.63715763767516","130.218487394958","220.218487394958","40.218487394958","low","truck_det","151.174641650168","None","0","",0,1,NA,"google_map_2.png","20.9561542552101","2","truck_3.png","None","None","space","None","truck_3.png",NA,"","20","r",NA,"encoding","",23,"m"
"lists/20/stimuli_position_map_1_seq_2.csv","1.42375690303021","130.218487394958","220.218487394958","40.218487394958","low","target","81.6166377533239","human-made","0","",0,0,NA,"google_map_2.png","48.6018496416341","2","objects/1/1_30.jpg","0.0","None","None","Hammer.jpg","truck_1.png",NA,"","20","r",NA,"encoding","",23,"m"
"lists/20/stimuli_position_map_1_seq_2.csv","3.49058716131999","130.218487394958","220.218487394958","40.218487394958","medium","target","200.097353196687","natural","0","",0,0,NA,"google_map_2.png","69.8788658017293","2","objects/1/1_108.jpg","0.0","None","None","Lynx.jpg","truck_1.png",NA,"","20","r",NA,"encoding","",23,"m"
"lists/20/stimuli_position_map_1_seq_2.csv","4.37422668841594","130.218487394958","220.218487394958","40.218487394958","medium","target","250.751848380531","human-made","0","",0,0,NA,"google_map_2.png","120.533360985573","2","objects/1/1_32.jpg","0.0","None","None","Stick_Drum.jpg","truck_1.png",NA,"","20","r",NA,"encoding","",23,"m"
"lists/20/stimuli_position_map_1_seq_2.csv","6.19171123580235","130.218487394958","220.218487394958","40.218487394958","high","target","354.93886065109","natural","0","",0,0,NA,"google_map_2.png","135.279626743868","2","objects/1/1_87.jpg","0.0","None","None","Acorn.jpg","truck_1.png",NA,"","20","r",NA,"encoding","",23,"m"
"lists/20/stimuli_position_map_1_seq_2.csv","2.19347104775106","130.218487394958","220.218487394958","40.218487394958","low","target","125.740378533501","human-made","0","",0,0,NA,"google_map_2.png","4.47810886145746","2","objects/1/1_4.jpg","0.0","None","None","Comb_1.jpg","truck_1.png",NA,"","20","r",NA,"encoding","",23,"m"
"lists/20/stimuli_position_map_1_seq_2.csv","None","None","None","None","None","None","None","natural","None","new",NA,NA,NA,"None","None","None","objects/2/2_2.jpg","None","","","Sheep.jpg","None",NA,"","20","r",5,"retrieval","",23,"m"
"lists/20/stimuli_position_map_1_seq_2.csv","None","None","None","None","None","None","None","human-made","None","new",NA,NA,NA,"None","None","None","objects/2/2_15.jpg","None","","","Birdhouse.jpg","None",NA,"","20","r",1,"retrieval","",23,"m"
"lists/20/stimuli_position_map_1_seq_2.csv","1.96009311479442","40.218487394958","130.218487394958","310.218487394958","medium","target","112.362025688852","human-made","0.0","old",NA,NA,156,"google_map_2.png","72.1435382938944","1.0","objects/1/1_80.jpg","0.0","","","Vase_Decorative.jpg","truck_1.png",NA,"","20","r",1,"retrieval","",23,"m"
"lists/20/stimuli_position_map_1_seq_2.csv","1.96009311479442","40.218487394958","130.218487394958","310.218487394958","medium","target","112.362025688852","human-made","0.0","old",NA,NA,NA,"google_map_2.png","72.1435382938944","1.0","objects/1/1_80.jpg","0.0","","","Vase_Decorative.jpg","truck_1.png",NA,"","20","r",NA,"retrieval","",23,"m"
"lists/20/stimuli_position_map_1_seq_2.csv","None","None","None","None","None","None","None","natural","None","new",NA,NA,NA,"None","None","None","objects/2/2_81.jpg","None","","","Arm.jpg","None",NA,"","20","r",6,"retrieval","",23,"m"
"lists/20/stimuli_position_map_1_seq_2.csv","None","None","None","None","None","None","None","natural","None","new",NA,NA,NA,"None","None","None","objects/2/2_8.jpg","None","","","Grape.jpg","None",NA,"","20","r",3,"retrieval","",23,"m"
"lists/20/stimuli_position_map_1_seq_2.csv","None","None","None","None","None","None","None","natural","None","new",NA,NA,NA,"None","None","None","objects/2/2_16.jpg","None","","","Tomato.jpg","None",NA,"","20","r",3,"retrieval","",23,"m"
"lists/20/stimuli_position_map_1_seq_2.csv","5.79287355812658","130.218487394958","220.218487394958","40.218487394958","high","target","332.075554287511","human-made","0.0","old",NA,NA,205,"google_map_2.png","158.142933107447","2.0","objects/1/1_76.jpg","0.0","","","Binder.jpg","truck_1.png",NA,"","20","r",3,"retrieval","",23,"m"
"lists/20/stimuli_position_map_1_seq_2.csv","5.79287355812658","130.218487394958","220.218487394958","40.218487394958","high","target","332.075554287511","human-made","0.0","old",NA,NA,NA,"google_map_2.png","158.142933107447","2.0","objects/1/1_76.jpg","0.0","","","Binder.jpg","truck_1.png",NA,"","20","r",NA,"retrieval","",23,"m"
"lists/20/stimuli_position_map_1_seq_2.csv","None","None","None","None","None","None","None","natural","None","new",NA,NA,NA,"None","None","None","objects/2/2_43.jpg","None","","","Lettuce_GreenLeaf.jpg","None",NA,"","20","r",1,"retrieval","",23,"m"
"lists/20/stimuli_position_map_1_seq_2.csv","None","None","None","None","None","None","None","human-made","None","new",NA,NA,NA,"None","None","None","objects/2/2_96.jpg","None","","","Microwave.jpg","None",NA,"","20","r",4,"retrieval","",23,"m"
"lists/20/stimuli_position_map_1_seq_2.csv","4.37422668841594","130.218487394958","220.218487394958","40.218487394958","medium","target","250.751848380531","human-made","0.0","old",NA,NA,355,"google_map_2.png","120.533360985573","2.0","objects/1/1_32.jpg","0.0","","","Stick_Drum.jpg","truck_1.png",NA,"","20","r",6,"retrieval","",23,"m"
"lists/20/stimuli_position_map_1_seq_2.csv","4.37422668841594","130.218487394958","220.218487394958","40.218487394958","medium","target","250.751848380531","human-made","0.0","old",NA,NA,NA,"google_map_2.png","120.533360985573","2.0","objects/1/1_32.jpg","0.0","","","Stick_Drum.jpg","truck_1.png",NA,"","20","r",NA,"retrieval","",23,"m"
"lists/20/stimuli_position_map_1_seq_2.csv","None","None","None","None","None","None","None","human-made","None","new",NA,NA,NA,"None","None","None","objects/2/2_108.jpg","None","","","Box_Wine.jpg","None",NA,"","20","r",1,"retrieval","",23,"m"
"lists/20/stimuli_position_map_1_seq_2.csv","2.28038468720822","40.218487394958","220.218487394958","7.03361344537815","singletons","singletons","130.72268907563","natural","0.0","old",NA,NA,37,"google_map_2.png","None","1.0","objects/1/1_62.jpg","0.0","","","Cantaloupe.jpg","truck_1.png",NA,"","20","r",6,"retrieval","",23,"m"
"lists/20/stimuli_position_map_1_seq_2.csv","2.28038468720822","40.218487394958","220.218487394958","7.03361344537815","singletons","singletons","130.72268907563","natural","0.0","old",NA,NA,NA,"google_map_2.png","None","1.0","objects/1/1_62.jpg","0.0","","","Cantaloupe.jpg","truck_1.png",NA,"","20","r",NA,"retrieval","",23,"m"
"lists/20/stimuli_position_map_1_seq_2.csv","4.02652191785556","40.218487394958","130.218487394958","310.218487394958","high","target","230.819727775159","natural","0.0","old",NA,NA,186,"google_map_2.png","169.398759619799","1.0","objects/1/1_6.jpg","0.0","","","Hand.jpg","truck_1.png",NA,"","20","r",6,"retrieval","",23,"m"
"lists/20/stimuli_position_map_1_seq_2.csv","4.02652191785556","40.218487394958","130.218487394958","310.218487394958","high","target","230.819727775159","natural","0.0","old",NA,NA,NA,"google_map_2.png","169.398759619799","1.0","objects/1/1_6.jpg","0.0","","","Hand.jpg","truck_1.png",NA,"","20","r",NA,"retrieval","",23,"m"
"lists/20/stimuli_position_map_1_seq_2.csv","3.49058716131999","130.218487394958","220.218487394958","40.218487394958","medium","target","200.097353196687","natural","0.0","old",NA,NA,133,"google_map_2.png","69.8788658017293","2.0","objects/1/1_108.jpg","0.0","","","Lynx.jpg","truck_1.png",NA,"","20","r",6,"retrieval","",23,"m"
"lists/20/stimuli_position_map_1_seq_2.csv","3.49058716131999","130.218487394958","220.218487394958","40.218487394958","medium","target","200.097353196687","natural","0.0","old",NA,NA,NA,"google_map_2.png","69.8788658017293","2.0","objects/1/1_108.jpg","0.0","","","Lynx.jpg","truck_1.png",NA,"","20","r",NA,"retrieval","",23,"m"
"lists/20/stimuli_position_map_1_seq_2.csv","None","None","None","None","None","None","None","human-made","None","new",NA,NA,NA,"None","None","None","objects/2/2_103.jpg","None","","","Accordion.jpg","None",NA,"","20","r",1,"retrieval","",23,"m"
"lists/20/stimuli_position_map_1_seq_2.csv","4.22737659476856","130.218487394958","220.218487394958","40.218487394958","medium","target","242.333690145969","natural","0.0","old",NA,NA,153,"google_map_2.png","112.115202751011","2.0","objects/1/1_85.jpg","0.0","","","Cougar.jpg","truck_1.png",NA,"","20","r",6,"retrieval","",23,"m"
"lists/20/stimuli_position_map_1_seq_2.csv","4.22737659476856","130.218487394958","220.218487394958","40.218487394958","medium","target","242.333690145969","natural","0.0","old",NA,NA,NA,"google_map_2.png","112.115202751011","2.0","objects/1/1_85.jpg","0.0","","","Cougar.jpg","truck_1.png",NA,"","20","r",NA,"retrieval","",23,"m"
"lists/20/stimuli_position_map_1_seq_2.csv","4.71499639230008","130.218487394958","220.218487394958","40.218487394958","high","target","270.286417392998","natural","0.0","old",NA,NA,78,"google_map_2.png","140.06792999804","2.0","objects/1/1_17.jpg","0.0","","","Blueberry.jpg","truck_1.png",NA,"","20","r",6,"retrieval","",23,"m"
"lists/20/stimuli_position_map_1_seq_2.csv","4.71499639230008","130.218487394958","220.218487394958","40.218487394958","high","target","270.286417392998","natural","0.0","old",NA,NA,NA,"google_map_2.png","140.06792999804","2.0","objects/1/1_17.jpg","0.0","","","Blueberry.jpg","truck_1.png",NA,"","20","r",NA,"retrieval","",23,"m"
"lists/20/stimuli_position_map_1_seq_2.csv","None","None","None","None","None","None","None","natural","None","new",NA,NA,NA,"None","None","None","objects/2/2_38.jpg","None","","","Cauliflower.jpg","None",NA,"","20","r",1,"retrieval","",23,"m"
"lists/20/stimuli_position_map_1_seq_2.csv","None","None","None","None","None","None","None","natural","None","new",NA,NA,NA,"None","None","None","objects/2/2_95.jpg","None","","","Fruit_Carambola.jpg","None",NA,"","20","r",1,"retrieval","",23,"m"
"lists/20/stimuli_position_map_1_seq_2.csv","0.185438342557827","40.218487394958","130.218487394958","310.218487394958","low","target","10.6302234587289","natural","0.0","old",NA,NA,106,"google_map_2.png","29.588263936229","1.0","objects/1/1_71.jpg","0.0","","","Flower_Orchid.jpg","truck_1.png",NA,"","20","r",1,"retrieval","",23,"m"
"lists/20/stimuli_position_map_1_seq_2.csv","0.185438342557827","40.218487394958","130.218487394958","310.218487394958","low","target","10.6302234587289","natural","0.0","old",NA,NA,NA,"google_map_2.png","29.588263936229","1.0","objects/1/1_71.jpg","0.0","","","Flower_Orchid.jpg","truck_1.png",NA,"","20","r",NA,"retrieval","",23,"m"
"lists/20/stimuli_position_map_1_seq_2.csv","4.30972012191704","40.218487394958","130.218487394958","310.218487394958","high","target","247.054019727728","natural","0.0","old",NA,NA,157,"google_map_2.png","153.16446766723","1.0","objects/1/1_58.jpg","0.0","","","Leg.jpg","truck_1.png",NA,"","20","r",6,"retrieval","",23,"m"
"lists/20/stimuli_position_map_1_seq_2.csv","4.30972012191704","40.218487394958","130.218487394958","310.218487394958","high","target","247.054019727728","natural","0.0","old",NA,NA,NA,"google_map_2.png","153.16446766723","1.0","objects/1/1_58.jpg","0.0","","","Leg.jpg","truck_1.png",NA,"","20","r",NA,"retrieval","",23,"m"
"lists/20/stimuli_position_map_1_seq_2.csv","4.15009900271353","40.218487394958","130.218487394958","310.218487394958","high","target","237.903764486763","natural","0.0","old",NA,NA,169,"google_map_2.png","162.314722908195","1.0","objects/1/1_21.jpg","0.0","","","Olives.jpg","truck_1.png",NA,"","20","r",1,"retrieval","",23,"m"
"lists/20/stimuli_position_map_1_seq_2.csv","4.15009900271353","40.218487394958","130.218487394958","310.218487394958","high","target","237.903764486763","natural","0.0","old",NA,NA,NA,"google_map_2.png","162.314722908195","1.0","objects/1/1_21.jpg","0.0","","","Olives.jpg","truck_1.png",NA,"","20","r",NA,"retrieval","",23,"m"
"lists/20/stimuli_position_map_1_seq_2.csv","None","None","None","None","None","None","None","human-made","None","new",NA,NA,NA,"None","None","None","objects/2/2_49.jpg","None","","","Mop.jpg","None",NA,"","20","r",1,"retrieval","",23,"m"
"lists/20/stimuli_position_map_1_seq_2.csv","1.56926504519927","40.218487394958","130.218487394958","310.218487394958","medium","target","89.9578688330792","human-made","0.0","old",NA,NA,47,"google_map_2.png","49.7393814381212","1.0","objects/1/1_11.jpg","0.0","","","ShoeLace_Flat.jpg","truck_1.png",NA,"","20","r",6,"retrieval","",23,"m"
"lists/20/stimuli_position_map_1_seq_2.csv","1.56926504519927","40.218487394958","130.218487394958","310.218487394958","medium","target","89.9578688330792","human-made","0.0","old",NA,NA,NA,"google_map_2.png","49.7393814381212","1.0","objects/1/1_11.jpg","0.0","","","ShoeLace_Flat.jpg","truck_1.png",NA,"","20","r",NA,"retrieval","",23,"m"
"lists/20/stimuli_position_map_1_seq_2.csv","None","None","None","None","None","None","None","human-made","None","new",NA,NA,NA,"None","None","None","objects/2/2_21.jpg","None","","","Saw.jpg","None",NA,"","20","r",1,"retrieval","",23,"m"
"lists/20/stimuli_position_map_1_seq_2.csv","4.1656514190456","40.218487394958","130.218487394958","310.218487394958","high","target","238.795304276499","human-made","0.0","old",NA,NA,202,"google_map_2.png","161.423183118459","1.0","objects/1/1_92.jpg","0.0","","","TimerKitchen.jpg","truck_1.png",NA,"","20","r",1,"retrieval","",23,"m"
"lists/20/stimuli_position_map_1_seq_2.csv","4.1656514190456","40.218487394958","130.218487394958","310.218487394958","high","target","238.795304276499","human-made","0.0","old",NA,NA,NA,"google_map_2.png","161.423183118459","1.0","objects/1/1_92.jpg","0.0","","","TimerKitchen.jpg","truck_1.png",NA,"","20","r",NA,"retrieval","",23,"m"
"lists/20/stimuli_position_map_1_seq_2.csv","3.66626830858803","130.218487394958","220.218487394958","40.218487394958","medium","target","210.168246989123","human-made","0.0","old",NA,NA,11,"google_map_2.png","79.9497595941647","2.0","objects/1/1_83.jpg","0.0","","","HairDryer.jpg","truck_1.png",NA,"","20","r",6,"retrieval","",23,"m"
"lists/20/stimuli_position_map_1_seq_2.csv","3.66626830858803","130.218487394958","220.218487394958","40.218487394958","medium","target","210.168246989123","human-made","0.0","old",NA,NA,NA,"google_map_2.png","79.9497595941647","2.0","objects/1/1_83.jpg","0.0","","","HairDryer.jpg","truck_1.png",NA,"","20","r",NA,"retrieval","",23,"m"
"lists/20/stimuli_position_map_1_seq_2.csv","2.45806901999312","130.218487394958","220.218487394958","40.218487394958","low","target","140.908415158841","human-made","0.0","old",NA,NA,167,"google_map_2.png","10.6899277638831","2.0","objects/1/1_116.jpg","0.0","","","WorldMap.jpg","truck_1.png",NA,"","20","r",6,"retrieval","",23,"m"
"lists/20/stimuli_position_map_1_seq_2.csv","2.45806901999312","130.218487394958","220.218487394958","40.218487394958","low","target","140.908415158841","human-made","0.0","old",NA,NA,NA,"google_map_2.png","10.6899277638831","2.0","objects/1/1_116.jpg","0.0","","","WorldMap.jpg","truck_1.png",NA,"","20","r",NA,"retrieval","",23,"m"
"lists/20/stimuli_position_map_1_seq_2.csv","4.28019234360411","130.218487394958","40.218487394958","160.890756302521","singletons","singletons","245.361344537815","natural","0.0","old",NA,NA,5,"google_map_2.png","None","2.0","objects/1/1_59.jpg","0.0","","","Stingray.jpg","truck_1.png",NA,"","20","r",6,"retrieval","",23,"m"
"lists/20/stimuli_position_map_1_seq_2.csv","4.28019234360411","130.218487394958","40.218487394958","160.890756302521","singletons","singletons","245.361344537815","natural","0.0","old",NA,NA,NA,"google_map_2.png","None","2.0","objects/1/1_59.jpg","0.0","","","Stingray.jpg","truck_1.png",NA,"","20","r",NA,"retrieval","",23,"m"
"lists/20/stimuli_position_map_1_seq_2.csv","None","None","None","None","None","None","None","natural","None","new",NA,NA,NA,"None","None","None","objects/2/2_28.jpg","None","","","Zucchini.jpg","None",NA,"","20","r",1,"retrieval","",23,"m"
"lists/20/stimuli_position_map_1_seq_2.csv","5.59714882271523","130.218487394958","220.218487394958","40.218487394958","high","target","320.855664996415","human-made","0.0","old",NA,NA,91,"google_map_2.png","169.362822398543","2.0","objects/1/1_82.jpg","0.0","","","Chair_Dining.jpg","truck_1.png",NA,"","20","r",5,"retrieval","",23,"m"
"lists/20/stimuli_position_map_1_seq_2.csv","5.59714882271523","130.218487394958","220.218487394958","40.218487394958","high","target","320.855664996415","human-made","0.0","old",NA,NA,NA,"google_map_2.png","169.362822398543","2.0","objects/1/1_82.jpg","0.0","","","Chair_Dining.jpg","truck_1.png",NA,"","20","r",NA,"retrieval","",23,"m"
"lists/20/stimuli_position_map_1_seq_2.csv","None","None","None","None","None","None","None","natural","None","new",NA,NA,NA,"None","None","None","objects/2/2_44.jpg","None","","","Pig.jpg","None",NA,"","20","r",1,"retrieval","",23,"m"
"lists/20/stimuli_position_map_1_seq_2.csv","None","None","None","None","None","None","None","human-made","None","new",NA,NA,NA,"None","None","None","objects/2/2_9.jpg","None","","","Jar_Empty.jpg","None",NA,"","20","r",1,"retrieval","",23,"m"
"lists/20/stimuli_position_map_1_seq_2.csv","2.33301120448179","130.218487394958","310.218487394958","200.109243697479","singletons","singletons","133.739495798319","human-made","0.0","old",NA,NA,191,"google_map_2.png","None","2.0","objects/1/1_104.jpg","0.0","","","Battery_AA.jpg","truck_1.png",NA,"","20","r",5,"retrieval","",23,"m"
"lists/20/stimuli_position_map_1_seq_2.csv","2.33301120448179","130.218487394958","310.218487394958","200.109243697479","singletons","singletons","133.739495798319","human-made","0.0","old",NA,NA,NA,"google_map_2.png","None","2.0","objects/1/1_104.jpg","0.0","","","Battery_AA.jpg","truck_1.png",NA,"","20","r",NA,"retrieval","",23,"m"
"lists/20/stimuli_position_map_1_seq_2.csv","None","None","None","None","None","None","None","natural","None","new",NA,NA,NA,"None","None","None","objects/2/2_80.jpg","None","","","Starfish.jpg","None",NA,"","20","r",1,"retrieval","",23,"m"
"lists/20/stimuli_position_map_1_seq_2.csv","2.87624777041767","40.218487394958","130.218487394958","310.218487394958","medium","target","164.880445437956","natural","0.0","old",NA,NA,11,"google_map_2.png","124.661958042998","1.0","objects/1/1_72.jpg","0.0","","","Ferret.jpg","truck_1.png",NA,"","20","r",6,"retrieval","",23,"m"
"lists/20/stimuli_position_map_1_seq_2.csv","2.87624777041767","40.218487394958","130.218487394958","310.218487394958","medium","target","164.880445437956","natural","0.0","old",NA,NA,NA,"google_map_2.png","124.661958042998","1.0","objects/1/1_72.jpg","0.0","","","Ferret.jpg","truck_1.png",NA,"","20","r",NA,"retrieval","",23,"m"
"lists/20/stimuli_position_map_1_seq_2.csv","None","None","None","None","None","None","None","human-made","None","new",NA,NA,NA,"None","None","None","objects/2/2_31.jpg","None","","","Box_Staples.jpg","None",NA,"","20","r",1,"retrieval","",23,"m"
"lists/20/stimuli_position_map_1_seq_2.csv","None","None","None","None","None","None","None","natural","None","new",NA,NA,NA,"None","None","None","objects/2/2_102.jpg","None","","","Shark_GreatWhite.jpg","None",NA,"","20","r",6,"retrieval","",23,"m"
"lists/20/stimuli_position_map_1_seq_2.csv","3.89508178836592","130.218487394958","220.218487394958","40.218487394958","medium","target","223.284943282123","natural","0.0","old",NA,NA,175,"google_map_2.png","93.0664558871649","2.0","objects/1/1_86.jpg","0.0","","","Potato.jpg","truck_1.png",NA,"","20","r",6,"retrieval","",23,"m"
"lists/20/stimuli_position_map_1_seq_2.csv","3.89508178836592","130.218487394958","220.218487394958","40.218487394958","medium","target","223.284943282123","natural","0.0","old",NA,NA,NA,"google_map_2.png","93.0664558871649","2.0","objects/1/1_86.jpg","0.0","","","Potato.jpg","truck_1.png",NA,"","20","r",NA,"retrieval","",23,"m"
"lists/20/stimuli_position_map_1_seq_2.csv","2.38563772175537","40.218487394958","40.218487394958","16.0840336134454","singletons","singletons","136.756302521008","human-made","0.0","old",NA,NA,131,"google_map_2.png","None","1.0","objects/1/1_34.jpg","0.0","","","Pencil.jpg","truck_1.png",NA,"","20","r",1,"retrieval","",23,"m"
"lists/20/stimuli_position_map_1_seq_2.csv","2.38563772175537","40.218487394958","40.218487394958","16.0840336134454","singletons","singletons","136.756302521008","human-made","0.0","old",NA,NA,NA,"google_map_2.png","None","1.0","objects/1/1_34.jpg","0.0","","","Pencil.jpg","truck_1.png",NA,"","20","r",NA,"retrieval","",23,"m"
"lists/20/stimuli_position_map_1_seq_2.csv","2.18058261651945","130.218487394958","220.218487394958","40.218487394958","low","target","125.001551265446","natural","0.0","old",NA,NA,65,"google_map_2.png","5.21693612951155","2.0","objects/1/1_27.jpg","0.0","","","Squash_Butternut.jpg","truck_1.png",NA,"","20","r",1,"retrieval","",23,"m"
"lists/20/stimuli_position_map_1_seq_2.csv","2.18058261651945","130.218487394958","220.218487394958","40.218487394958","low","target","125.001551265446","natural","0.0","old",NA,NA,NA,"google_map_2.png","5.21693612951155","2.0","objects/1/1_27.jpg","0.0","","","Squash_Butternut.jpg","truck_1.png",NA,"","20","r",NA,"retrieval","",23,"m"
"lists/20/stimuli_position_map_1_seq_2.csv","5.65929900085712","130.218487394958","220.218487394958","40.218487394958","high","target","324.418414061873","natural","0.0","old",NA,NA,232,"google_map_2.png","165.800073333085","2.0","objects/1/1_99.jpg","0.0","","","Peach.jpg","truck_1.png",NA,"","20","r",5,"retrieval","",23,"m"
"lists/20/stimuli_position_map_1_seq_2.csv","5.65929900085712","130.218487394958","220.218487394958","40.218487394958","high","target","324.418414061873","natural","0.0","old",NA,NA,NA,"google_map_2.png","165.800073333085","2.0","objects/1/1_99.jpg","0.0","","","Peach.jpg","truck_1.png",NA,"","20","r",NA,"retrieval","",23,"m"
"lists/20/stimuli_position_map_1_seq_2.csv","2.88059802095332","40.218487394958","130.218487394958","310.218487394958","medium","target","165.129822857197","human-made","0.0","old",NA,NA,163,"google_map_2.png","124.911335462239","1.0","objects/1/1_63.jpg","0.0","","","Level.jpg","truck_1.png",NA,"","20","r",6,"retrieval","",23,"m"
"lists/20/stimuli_position_map_1_seq_2.csv","2.88059802095332","40.218487394958","130.218487394958","310.218487394958","medium","target","165.129822857197","human-made","0.0","old",NA,NA,NA,"google_map_2.png","124.911335462239","1.0","objects/1/1_63.jpg","0.0","","","Level.jpg","truck_1.png",NA,"","20","r",NA,"retrieval","",23,"m"
"lists/20/stimuli_position_map_1_seq_2.csv","2.35691293119114","130.218487394958","220.218487394958","40.218487394958","low","target","135.109658475925","natural","0.0","old",NA,NA,205,"google_map_2.png","4.89117108096743","2.0","objects/1/1_48.jpg","0.0","","","Bird_Cardinal.jpg","truck_1.png",NA,"","20","r",6,"retrieval","",23,"m"
"lists/20/stimuli_position_map_1_seq_2.csv","2.35691293119114","130.218487394958","220.218487394958","40.218487394958","low","target","135.109658475925","natural","0.0","old",NA,NA,NA,"google_map_2.png","4.89117108096743","2.0","objects/1/1_48.jpg","0.0","","","Bird_Cardinal.jpg","truck_1.png",NA,"","20","r",NA,"retrieval","",23,"m"
"lists/20/stimuli_position_map_1_seq_2.csv","None","None","None","None","None","None","None","natural","None","new",NA,NA,NA,"None","None","None","objects/2/2_101.jpg","None","","","Nuts_PeanutsPeeled.jpg","None",NA,"","20","r",6,"retrieval","",23,"m"
"lists/20/stimuli_position_map_1_seq_2.csv","None","None","None","None","None","None","None","human-made","None","new",NA,NA,NA,"None","None","None","objects/2/2_5.jpg","None","","","Lock_Combination.jpg","None",NA,"","20","r",1,"retrieval","",23,"m"
"lists/20/stimuli_position_map_1_seq_2.csv","1.42375690303021","130.218487394958","220.218487394958","40.218487394958","low","target","81.6166377533239","human-made","0.0","old",NA,NA,195,"google_map_2.png","48.6018496416341","2.0","objects/1/1_30.jpg","0.0","","","Hammer.jpg","truck_1.png",NA,"","20","r",6,"retrieval","",23,"m"
"lists/20/stimuli_position_map_1_seq_2.csv","1.42375690303021","130.218487394958","220.218487394958","40.218487394958","low","target","81.6166377533239","human-made","0.0","old",NA,NA,NA,"google_map_2.png","48.6018496416341","2.0","objects/1/1_30.jpg","0.0","","","Hammer.jpg","truck_1.png",NA,"","20","r",NA,"retrieval","",23,"m"
"lists/20/stimuli_position_map_1_seq_2.csv","None","None","None","None","None","None","None","natural","None","new",NA,NA,NA,"None","None","None","objects/2/2_91.jpg","None","","","Bird_Tern.jpg","None",NA,"","20","r",1,"retrieval","",23,"m"
"lists/20/stimuli_position_map_1_seq_2.csv","2.51621853358737","40.218487394958","130.218487394958","310.218487394958","medium","target","144.241826766155","natural","0.0","old",NA,NA,173,"google_map_2.png","104.023339371197","1.0","objects/1/1_40.jpg","0.0","","","Flower_Daisy.jpg","truck_1.png",NA,"","20","r",6,"retrieval","",23,"m"
"lists/20/stimuli_position_map_1_seq_2.csv","2.51621853358737","40.218487394958","130.218487394958","310.218487394958","medium","target","144.241826766155","natural","0.0","old",NA,NA,NA,"google_map_2.png","104.023339371197","1.0","objects/1/1_40.jpg","0.0","","","Flower_Daisy.jpg","truck_1.png",NA,"","20","r",NA,"retrieval","",23,"m"
"lists/20/stimuli_position_map_1_seq_2.csv","2.19347104775106","130.218487394958","220.218487394958","40.218487394958","low","target","125.740378533501","human-made","0.0","old",NA,NA,296,"google_map_2.png","4.47810886145746","2.0","objects/1/1_4.jpg","0.0","","","Comb_1.jpg","truck_1.png",NA,"","20","r",1,"retrieval","",23,"m"
"lists/20/stimuli_position_map_1_seq_2.csv","2.19347104775106","130.218487394958","220.218487394958","40.218487394958","low","target","125.740378533501","human-made","0.0","old",NA,NA,NA,"google_map_2.png","4.47810886145746","2.0","objects/1/1_4.jpg","0.0","","","Comb_1.jpg","truck_1.png",NA,"","20","r",NA,"retrieval","",23,"m"
"lists/20/stimuli_position_map_1_seq_2.csv","5.33272268907563","40.218487394958","40.218487394958","335.865546218487","singletons","singletons","305.697478991597","natural","0.0","old",NA,NA,25,"google_map_2.png","None","1.0","objects/1/1_100.jpg","0.0","","","Kangaroo.jpg","truck_1.png",NA,"","20","r",6,"retrieval","",23,"m"
"lists/20/stimuli_position_map_1_seq_2.csv","5.33272268907563","40.218487394958","40.218487394958","335.865546218487","singletons","singletons","305.697478991597","natural","0.0","old",NA,NA,NA,"google_map_2.png","None","1.0","objects/1/1_100.jpg","0.0","","","Kangaroo.jpg","truck_1.png",NA,"","20","r",NA,"retrieval","",23,"m"
"lists/20/stimuli_position_map_1_seq_2.csv","0.0866242899937986","40.218487394958","130.218487394958","310.218487394958","low","target","4.96572363021775","human-made","0.0","old",NA,NA,169,"google_map_2.png","35.2527637647402","1.0","objects/1/1_65.jpg","0.0","","","Hanger.jpg","truck_1.png",NA,"","20","r",6,"retrieval","",23,"m"
"lists/20/stimuli_position_map_1_seq_2.csv","0.0866242899937986","40.218487394958","130.218487394958","310.218487394958","low","target","4.96572363021775","human-made","0.0","old",NA,NA,NA,"google_map_2.png","35.2527637647402","1.0","objects/1/1_65.jpg","0.0","","","Hanger.jpg","truck_1.png",NA,"","20","r",NA,"retrieval","",23,"m"
"lists/20/stimuli_position_map_1_seq_2.csv","None","None","None","None","None","None","None","human-made","None","new",NA,NA,NA,"None","None","None","objects/2/2_7.jpg","None","","","Mattress.jpg","None",NA,"","20","r",1,"retrieval","",23,"m"
"lists/20/stimuli_position_map_1_seq_2.csv","3.260432918383","130.218487394958","220.218487394958","40.218487394958","medium","target","186.903797869089","natural","0.0","old",NA,NA,245,"google_map_2.png","56.6853104741312","2.0","objects/1/1_45.jpg","0.0","","","OrangeBlood.jpg","truck_1.png",NA,"","20","r",1,"retrieval","",23,"m"
"lists/20/stimuli_position_map_1_seq_2.csv","3.260432918383","130.218487394958","220.218487394958","40.218487394958","medium","target","186.903797869089","natural","0.0","old",NA,NA,NA,"google_map_2.png","56.6853104741312","2.0","objects/1/1_45.jpg","0.0","","","OrangeBlood.jpg","truck_1.png",NA,"","20","r",NA,"retrieval","",23,"m"
"lists/20/stimuli_position_map_1_seq_2.csv","None","None","None","None","None","None","None","human-made","None","new",NA,NA,NA,"None","None","None","objects/2/2_65.jpg","None","","","MagazineRoll.jpg","None",NA,"","20","r",1,"retrieval","",23,"m"
"lists/20/stimuli_position_map_1_seq_2.csv","None","None","None","None","None","None","None","human-made","None","new",NA,NA,NA,"None","None","None","objects/2/2_88.jpg","None","","","Bat_Baseball.jpg","None",NA,"","20","r",1,"retrieval","",23,"m"
"lists/20/stimuli_position_map_1_seq_2.csv","None","None","None","None","None","None","None","human-made","None","new",NA,NA,NA,"None","None","None","objects/2/2_83.jpg","None","","","Switch_LightWhite.jpg","None",NA,"","20","r",1,"retrieval","",23,"m"
"lists/20/stimuli_position_map_1_seq_2.csv","None","None","None","None","None","None","None","natural","None","new",NA,NA,NA,"None","None","None","objects/2/2_79.jpg","None","","","Flower_Sun.jpg","None",NA,"","20","r",6,"retrieval","",23,"m"
"lists/20/stimuli_position_map_1_seq_2.csv","None","None","None","None","None","None","None","human-made","None","new",NA,NA,NA,"None","None","None","objects/2/2_73.jpg","None","","","StampAndSeal.jpg","None",NA,"","20","r",6,"retrieval","",23,"m"
"lists/20/stimuli_position_map_1_seq_2.csv","None","None","None","None","None","None","None","natural","None","new",NA,NA,NA,"None","None","None","objects/2/2_22.jpg","None","","","Camel_Bactrian.jpg","None",NA,"","20","r",1,"retrieval","",23,"m"
"lists/20/stimuli_position_map_1_seq_2.csv","None","None","None","None","None","None","None","human-made","None","new",NA,NA,NA,"None","None","None","objects/2/2_106.jpg","None","","","Cooler.jpg","None",NA,"","20","r",6,"retrieval","",23,"m"
"lists/20/stimuli_position_map_1_seq_2.csv","None","None","None","None","None","None","None","natural","None","new",NA,NA,NA,"None","None","None","objects/2/2_41.jpg","None","","","Toy_Lizard.jpg","None",NA,"","20","r",1,"retrieval","",23,"m"
"lists/20/stimuli_position_map_1_seq_2.csv","6.19171123580235","130.218487394958","220.218487394958","40.218487394958","high","target","354.93886065109","natural","0.0","old",NA,NA,183,"google_map_2.png","135.279626743868","2.0","objects/1/1_87.jpg","0.0","","","Acorn.jpg","truck_1.png",NA,"","20","r",2,"retrieval","",23,"m"
"lists/20/stimuli_position_map_1_seq_2.csv","6.19171123580235","130.218487394958","220.218487394958","40.218487394958","high","target","354.93886065109","natural","0.0","old",NA,NA,NA,"google_map_2.png","135.279626743868","2.0","objects/1/1_87.jpg","0.0","","","Acorn.jpg","truck_1.png",NA,"","20","r",NA,"retrieval","",23,"m"
"lists/20/stimuli_position_map_1_seq_2.csv","2.40022419770505","130.218487394958","220.218487394958","40.218487394958","low","target","137.592469932137","human-made","0.0","old",NA,NA,309,"google_map_2.png","7.37398253717879","2.0","objects/1/1_28.jpg","0.0","","","Plunger.jpg","truck_1.png",NA,"","20","r",1,"retrieval","",23,"m"
"lists/20/stimuli_position_map_1_seq_2.csv","2.40022419770505","130.218487394958","220.218487394958","40.218487394958","low","target","137.592469932137","human-made","0.0","old",NA,NA,NA,"google_map_2.png","7.37398253717879","2.0","objects/1/1_28.jpg","0.0","","","Plunger.jpg","truck_1.png",NA,"","20","r",NA,"retrieval","",23,"m"
"lists/20/stimuli_position_map_1_seq_2.csv","3.83977791913478","40.218487394958","130.218487394958","310.218487394958","high","target","220.114657784796","human-made","0.0","old",NA,NA,59,"google_map_2.png","179.896170389839","1.0","objects/1/1_110.jpg","0.0","","","Stapler_Regular.jpg","truck_1.png",NA,"","20","r",6,"retrieval","",23,"m"
"lists/20/stimuli_position_map_1_seq_2.csv","3.83977791913478","40.218487394958","130.218487394958","310.218487394958","high","target","220.114657784796","human-made","0.0","old",NA,NA,NA,"google_map_2.png","179.896170389839","1.0","objects/1/1_110.jpg","0.0","","","Stapler_Regular.jpg","truck_1.png",NA,"","20","r",NA,"retrieval","",23,"m"
"lists/20/stimuli_position_map_1_seq_2.csv","3.91180672268908","130.218487394958","40.218487394958","16.0840336134454","singletons","singletons","224.243697478992","human-made","0.0","old",NA,NA,60,"google_map_2.png","None","2.0","objects/1/1_38.jpg","0.0","","","Bag_Gift.jpg","truck_1.png",NA,"","20","r",6,"retrieval","",23,"m"
"lists/20/stimuli_position_map_1_seq_2.csv","3.91180672268908","130.218487394958","40.218487394958","16.0840336134454","singletons","singletons","224.243697478992","human-made","0.0","old",NA,NA,NA,"google_map_2.png","None","2.0","objects/1/1_38.jpg","0.0","","","Bag_Gift.jpg","truck_1.png",NA,"","20","r",NA,"retrieval","",23,"m"
"lists/20/stimuli_position_map_1_seq_2.csv","None","None","None","None","None","None","None","human-made","None","new",NA,NA,NA,"None","None","None","objects/2/2_85.jpg","None","","","Clothespin_Red.jpg","None",NA,"","20","r",1,"retrieval","",23,"m"
"lists/20/stimuli_position_map_1_seq_2.csv","1.06997478991597","40.218487394958","40.218487394958","188.042016806723","singletons","singletons","61.3361344537815","natural","0.0","old",NA,NA,186,"google_map_2.png","None","1.0","objects/1/1_98.jpg","0.0","","","Toy_DonkeyFur.jpg","truck_1.png",NA,"","20","r",6,"retrieval","",23,"m"
"lists/20/stimuli_position_map_1_seq_2.csv","1.06997478991597","40.218487394958","40.218487394958","188.042016806723","singletons","singletons","61.3361344537815","natural","0.0","old",NA,NA,NA,"google_map_2.png","None","1.0","objects/1/1_98.jpg","0.0","","","Toy_DonkeyFur.jpg","truck_1.png",NA,"","20","r",NA,"retrieval","",23,"m"
"lists/20/stimuli_position_map_1_seq_2.csv","4.46930066462765","40.218487394958","130.218487394958","310.218487394958","high","target","256.2019489277","human-made","0.0","old",NA,NA,253,"google_map_2.png","144.016538467258","1.0","objects/1/1_93.jpg","0.0","","","CookieCutter_Tree.jpg","truck_1.png",NA,"","20","r",1,"retrieval","",23,"m"
"lists/20/stimuli_position_map_1_seq_2.csv","4.46930066462765","40.218487394958","130.218487394958","310.218487394958","high","target","256.2019489277","human-made","0.0","old",NA,NA,NA,"google_map_2.png","144.016538467258","1.0","objects/1/1_93.jpg","0.0","","","CookieCutter_Tree.jpg","truck_1.png",NA,"","20","r",NA,"retrieval","",23,"m"
"lists/20/stimuli_position_map_1_seq_2.csv","None","None","None","None","None","None","None","natural","None","new",NA,NA,NA,"None","None","None","objects/2/2_23.jpg","None","","","Leek.jpg","None",NA,"","20","r",6,"retrieval","",23,"m"
"lists/20/stimuli_position_map_1_seq_2.csv","None","None","None","None","None","None","None","human-made","None","new",NA,NA,NA,"None","None","None","objects/2/2_115.jpg","None","","","Ashtray_Empty.jpg","None",NA,"","20","r",1,"retrieval","",23,"m"
"lists/20/stimuli_position_map_1_seq_2.csv","2.17513165266106","40.218487394958","310.218487394958","7.03361344537815","singletons","singletons","124.689075630252","human-made","0.0","old",NA,NA,173,"google_map_2.png","None","1.0","objects/1/1_66.jpg","0.0","","","PhoneCase.jpg","truck_1.png",NA,"","20","r",6,"retrieval","",23,"m"
"lists/20/stimuli_position_map_1_seq_2.csv","2.17513165266106","40.218487394958","310.218487394958","7.03361344537815","singletons","singletons","124.689075630252","human-made","0.0","old",NA,NA,NA,"google_map_2.png","None","1.0","objects/1/1_66.jpg","0.0","","","PhoneCase.jpg","truck_1.png",NA,"","20","r",NA,"retrieval","",23,"m"
"lists/20/stimuli_position_map_1_seq_2.csv","0.491083099906629","130.218487394958","310.218487394958","136.756302521008","singletons","singletons","28.1512605042017","human-made","0.0","old",NA,NA,278,"google_map_2.png","None","2.0","objects/1/1_61.jpg","0.0","","","Cage_Bird.jpg","truck_1.png",NA,"","20","r",1,"retrieval","",23,"m"
"lists/20/stimuli_position_map_1_seq_2.csv","0.491083099906629","130.218487394958","310.218487394958","136.756302521008","singletons","singletons","28.1512605042017","human-made","0.0","old",NA,NA,NA,"google_map_2.png","None","2.0","objects/1/1_61.jpg","0.0","","","Cage_Bird.jpg","truck_1.png",NA,"","20","r",NA,"retrieval","",23,"m"
"lists/20/stimuli_position_map_1_seq_2.csv","None","None","None","None","None","None","None","human-made","None","new",NA,NA,NA,"None","None","None","objects/2/2_11.jpg","None","","","Screw.jpg","None",NA,"","20","r",1,"retrieval","",23,"m"
"lists/20/stimuli_position_map_1_seq_2.csv","None","None","None","None","None","None","None","human-made","None","new",NA,NA,NA,"None","None","None","objects/2/2_120.jpg","None","","","BridgeWooden.jpg","None",NA,"","20","r",1,"retrieval","",23,"m"
"lists/20/stimuli_position_map_1_seq_2.csv","None","None","None","None","None","None","None","human-made","None","new",NA,NA,NA,"None","None","None","objects/2/2_97.jpg","None","","","Blanket.jpg","None",NA,"","20","r",1,"retrieval","",23,"m"
"lists/20/stimuli_position_map_1_seq_2.csv","5.32403474183446","130.218487394958","220.218487394958","40.218487394958","high","target","305.199443799428","natural","0.0","old",NA,NA,211,"google_map_2.png","174.98095640447","2.0","objects/1/1_42.jpg","0.0","","","Banana.jpg","truck_1.png",NA,"","20","r",5,"retrieval","",23,"m"
"lists/20/stimuli_position_map_1_seq_2.csv","5.32403474183446","130.218487394958","220.218487394958","40.218487394958","high","target","305.199443799428","natural","0.0","old",NA,NA,NA,"google_map_2.png","174.98095640447","2.0","objects/1/1_42.jpg","0.0","","","Banana.jpg","truck_1.png",NA,"","20","r",NA,"retrieval","",23,"m"
"lists/20/stimuli_position_map_1_seq_2.csv","None","None","None","None","None","None","None","human-made","None","new",NA,NA,NA,"None","None","None","objects/2/2_34.jpg","None","","","Candelabra.jpg","None",NA,"","20","r",1,"retrieval","",23,"m"
"lists/20/stimuli_position_map_1_seq_2.csv","None","None","None","None","None","None","None","human-made","None","new",NA,NA,NA,"None","None","None","objects/2/2_117.jpg","None","","","Belt.jpg","None",NA,"","20","r",1,"retrieval","",23,"m"
"lists/20/stimuli_position_map_1_seq_2.csv","0.937041943691866","40.218487394958","130.218487394958","310.218487394958","low","target","53.7157802116356","natural","0.0","old",NA,NA,109,"google_map_2.png","13.4972928166777","1.0","objects/1/1_75.jpg","0.0","","","Teardrop.jpg","truck_1.png",NA,"","20","r",6,"retrieval","",23,"m"
"lists/20/stimuli_position_map_1_seq_2.csv","0.937041943691866","40.218487394958","130.218487394958","310.218487394958","low","target","53.7157802116356","natural","0.0","old",NA,NA,NA,"google_map_2.png","13.4972928166777","1.0","objects/1/1_75.jpg","0.0","","","Teardrop.jpg","truck_1.png",NA,"","20","r",NA,"retrieval","",23,"m"
"lists/20/stimuli_position_map_1_seq_2.csv","None","None","None","None","None","None","None","human-made","None","new",NA,NA,NA,"None","None","None","objects/2/2_109.jpg","None","","","Tire_Hollow.jpg","None",NA,"","20","r",1,"retrieval","",23,"m"
"lists/20/stimuli_position_map_1_seq_2.csv","0.49651021936498","40.218487394958","130.218487394958","310.218487394958","low","target","28.4623692629607","human-made","0.0","old",NA,NA,219,"google_map_2.png","11.7561181319973","1.0","objects/1/1_121.jpg","0.0","","","Dreidel.jpg","truck_1.png",NA,"","20","r",1,"retrieval","",23,"m"
"lists/20/stimuli_position_map_1_seq_2.csv","0.49651021936498","40.218487394958","130.218487394958","310.218487394958","low","target","28.4623692629607","human-made","0.0","old",NA,NA,NA,"google_map_2.png","11.7561181319973","1.0","objects/1/1_121.jpg","0.0","","","Dreidel.jpg","truck_1.png",NA,"","20","r",NA,"retrieval","",23,"m"
"lists/20/stimuli_position_map_1_seq_2.csv","4.38544537815126","130.218487394958","130.218487394958","323.798319327731","singletons","singletons","251.394957983193","human-made","0.0","old",NA,NA,344,"google_map_2.png","None","2.0","objects/1/1_25.jpg","0.0","","","Candle_Blue.jpg","truck_1.png",NA,"","20","r",1,"retrieval","",23,"m"
"lists/20/stimuli_position_map_1_seq_2.csv","4.38544537815126","130.218487394958","130.218487394958","323.798319327731","singletons","singletons","251.394957983193","human-made","0.0","old",NA,NA,NA,"google_map_2.png","None","2.0","objects/1/1_25.jpg","0.0","","","Candle_Blue.jpg","truck_1.png",NA,"","20","r",NA,"retrieval","",23,"m"
"lists/20/stimuli_position_map_1_seq_2.csv","None","None","None","None","None","None","None","natural","None","new",NA,NA,NA,"None","None","None","objects/2/2_100.jpg","None","","","Branch.jpg","None",NA,"","20","r",1,"retrieval","",23,"m"
"lists/20/stimuli_position_map_1_seq_2.csv","None","None","None","None","None","None","None","natural","None","new",NA,NA,NA,"None","None","None","objects/2/2_77.jpg","None","","","Celery.jpg","None",NA,"","20","r",6,"retrieval","",23,"m"
"lists/20/stimuli_position_map_1_seq_2.csv","None","None","None","None","None","None","None","natural","None","new",NA,NA,NA,"None","None","None","objects/2/2_40.jpg","None","","","Bird_CanadianGoose.jpg","None",NA,"","20","r",1,"retrieval","",23,"m"
"lists/20/stimuli_position_map_1_seq_2.csv","None","None","None","None","None","None","None","human-made","None","new",NA,NA,NA,"None","None","None","objects/2/2_90.jpg","None","","","Bag_Garbage.jpg","None",NA,"","20","r",1,"retrieval","",23,"m"
"lists/20/stimuli_position_map_1_seq_2.csv","None","None","None","None","None","None","None","natural","None","new",NA,NA,NA,"None","None","None","objects/2/2_24.jpg","None","","","Cranberry.jpg","None",NA,"","20","r",1,"retrieval","",23,"m"
"lists/20/stimuli_position_map_1_seq_2.csv","None","None","None","None","None","None","None","human-made","None","new",NA,NA,NA,"None","None","None","objects/2/2_69.jpg","None","","","Ruler_Wooden.jpg","None",NA,"","20","r",1,"retrieval","",23,"m"
"lists/20/stimuli_position_map_1_seq_2.csv","2.23747055601022","40.218487394958","130.218487394958","310.218487394958","medium","target","128.262643338165","natural","0.0","old",NA,NA,57,"google_map_2.png","88.0441559432074","1.0","objects/1/1_118.jpg","0.0","","","Bone.jpg","truck_1.png",NA,"","20","r",5,"retrieval","",23,"m"
"lists/20/stimuli_position_map_1_seq_2.csv","2.23747055601022","40.218487394958","130.218487394958","310.218487394958","medium","target","128.262643338165","natural","0.0","old",NA,NA,NA,"google_map_2.png","88.0441559432074","1.0","objects/1/1_118.jpg","0.0","","","Bone.jpg","truck_1.png",NA,"","20","r",NA,"retrieval","",23,"m"
"lists/20/stimuli_position_map_1_seq_2.csv","None","None","None","None","None","None","None","human-made","None","new",NA,NA,NA,"None","None","None","objects/2/2_12.jpg","None","","","ServiceBell.jpg","None",NA,"","20","r",1,"retrieval","",23,"m"
"lists/20/stimuli_position_map_1_seq_2.csv","1.01868532209198","40.218487394958","130.218487394958","310.218487394958","low","target","58.3959738778843","natural","0.0","old",NA,NA,265,"google_map_2.png","18.1774864829263","1.0","objects/1/1_60.jpg","0.0","","","Flower_Tulip.jpg","truck_1.png",NA,"","20","r",1,"retrieval","",23,"m"
"lists/20/stimuli_position_map_1_seq_2.csv","1.01868532209198","40.218487394958","130.218487394958","310.218487394958","low","target","58.3959738778843","natural","0.0","old",NA,NA,NA,"google_map_2.png","18.1774864829263","1.0","objects/1/1_60.jpg","0.0","","","Flower_Tulip.jpg","truck_1.png",NA,"","20","r",NA,"retrieval","",23,"m"
"lists/20/stimuli_position_map_1_seq_2.csv","3.38554154995331","130.218487394958","310.218487394958","203.126050420168","singletons","singletons","194.075630252101","human-made","0.0","old",NA,NA,15,"google_map_2.png","None","2.0","objects/1/1_101.jpg","0.0","","","WindowBlinds.jpg","truck_1.png",NA,"","20","r",5,"retrieval","",23,"m"
"lists/20/stimuli_position_map_1_seq_2.csv","3.38554154995331","130.218487394958","310.218487394958","203.126050420168","singletons","singletons","194.075630252101","human-made","0.0","old",NA,NA,NA,"google_map_2.png","None","2.0","objects/1/1_101.jpg","0.0","","","WindowBlinds.jpg","truck_1.png",NA,"","20","r",NA,"retrieval","",23,"m"
"lists/20/stimuli_position_map_1_seq_2.csv","None","None","None","None","None","None","None","natural","None","new",NA,NA,NA,"None","None","None","objects/2/2_112.jpg","None","","","Flower_Crane.jpg","None",NA,"","20","r",1,"retrieval","",23,"m"
"lists/20/stimuli_position_map_1_seq_2.csv","4.59595144724556","40.218487394958","310.218487394958","154.857142857143","singletons","singletons","263.46218487395","human-made","0.0","old",NA,NA,236,"google_map_2.png","None","1.0","objects/1/1_23.jpg","0.0","","","Helmet_Construction.jpg","truck_1.png",NA,"","20","r",1,"retrieval","",23,"m"
"lists/20/stimuli_position_map_1_seq_2.csv","4.59595144724556","40.218487394958","310.218487394958","154.857142857143","singletons","singletons","263.46218487395","human-made","0.0","old",NA,NA,NA,"google_map_2.png","None","1.0","objects/1/1_23.jpg","0.0","","","Helmet_Construction.jpg","truck_1.png",NA,"","20","r",NA,"retrieval","",23,"m"
"lists/20/stimuli_position_map_1_seq_2.csv","0.199246901216355","40.218487394958","130.218487394958","310.218487394958","low","target","11.421796885014","natural","0.0","old",NA,NA,355,"google_map_2.png","28.796690509944","1.0","objects/1/1_49.jpg","0.0","","","Plum.jpg","truck_1.png",NA,"","20","r",6,"retrieval","",23,"m"
"lists/20/stimuli_position_map_1_seq_2.csv","0.199246901216355","40.218487394958","130.218487394958","310.218487394958","low","target","11.421796885014","natural","0.0","old",NA,NA,NA,"google_map_2.png","28.796690509944","1.0","objects/1/1_49.jpg","0.0","","","Plum.jpg","truck_1.png",NA,"","20","r",NA,"retrieval","",23,"m"
"lists/20/stimuli_position_map_1_seq_2.csv","","","","","","","","","","",NA,NA,NA,"","","","","","","","","",NA,"","20","r",NA,"","",23,"m"
"","","","","","","","","","","",NA,NA,NA,"","","","","","","","","",NA,"","20","",NA,"","",NA,""
